latency	trial_type	duration	zero_time
6.278	ntDontcount_oval	1	0.2
7.942	ntDontcount_oval	1	0.2
8.496	ntDontcount_oval	1	0.2
9.052	ntDontcount_oval	1	0.2
12.402	t_Dontcount_oval	1	0.2
12.956	t_Dontcount_oval	1	0.2
17.436	t_Dontcount_oval	1	0.2
18.012	t_Dontcount_oval	1	0.2
18.566	ntDontcount_oval	1	0.2
22.448	ntDontcount_oval	1	0.2
24.112	ntDontcount_oval	1	0.2
28.572	ntDontcount_oval	1	0.2
29.128	t_Dontcount_oval	1	0.2
30.256	ntDontcount_oval	1	0.2
42.568	t_Dontcount_oval	1	0.2
52.658	t_Dontcount_oval	1	0.2
53.212	ntDontcount_oval	1	0.2
56.582	ntDontcount_oval	1	0.2
59.376	ntDontcount_oval	1	0.2
60.508	ntDontcount_oval	1	0.2
61.062	ntDontcount_oval	1	0.2
61.618	t_Dontcount_oval	1	0.2
64.988	ntDontcount_oval	1	0.2
67.782	ntDontcount_oval	1	0.2
70.556	ntDontcount_oval	1	0.2
72.22	ntDontcount_oval	1	0.2
72.774	ntDontcount_oval	1	0.2
73.328	ntDontcount_oval	1	0.2
75.036	ntDontcount_oval	1	0.2
77.83	ntDontcount_oval	1	0.2
78.384	ntDontcount_oval	1	0.2
78.94	ntDontcount_oval	1	0.2
80.072	t_Dontcount_oval	1	0.2
81.2	ntDontcount_oval	1	0.2
83.974	ntDontcount_oval	1	0.2
85.084	ntDontcount_oval	1	0.2
85.64	t_Dontcount_oval	1	0.2
86.192	ntDontcount_oval	1	0.2
87.324	ntDontcount_oval	1	0.2
88.988	t_Dontcount_oval	1	0.2
93.448	t_Dontcount_oval	1	0.2
94	ntDontcount_oval	1	0.2
94.556	ntDontcount_oval	1	0.2
95.112	t_Dontcount_oval	1	0.2
95.686	ntDontcount_oval	1	0.2
96.24	ntDontcount_oval	1	0.2
99.036	t_Dontcount_oval	1	0.2
99.592	t_Dontcount_oval	1	0.2
101.808	ntDontcount_oval	1	0.2
103.472	ntDontcount_oval	1	0.2
106.822	ntDontcount_oval	1	0.2
108.528	ntDontcount_oval	1	0.2
109.638	ntDontcount_oval	1	0.2
110.192	ntDontcount_oval	1	0.2
111.878	ntDontcount_oval	1	0.2
115.784	t_Dontcount_oval	1	0.2
116.358	ntDontcount_oval	1	0.2
117.468	ntDontcount_oval	1	0.2
118.022	ntDontcount_oval	1	0.2
119.176	t_Dontcount_oval	1	0.2
120.838	ntDontcount_oval	1	0.2
121.394	t_Dontcount_oval	1	0.2
122.502	ntDontcount_oval	1	0.2
123.058	t_Dontcount_oval	1	0.2
123.612	t_Dontcount_oval	1	0.2
125.872	ntDontcount_oval	1	0.2
126.428	ntDontcount_oval	1	0.2
128.112	ntDontcount_oval	1	0.2
129.776	ntDontcount_oval	1	0.2
130.332	ntDontcount_oval	1	0.2
130.908	ntDontcount_oval	1	0.2
131.462	ntDontcount_oval	1	0.2
132.038	ntDontcount_oval	1	0.2
132.592	ntDontcount_oval	1	0.2
133.148	ntDontcount_oval	1	0.2
133.702	ntDontcount_oval	1	0.2
137.052	ntDontcount_oval	1	0.2
137.628	ntDontcount_oval	1	0.2
138.204	ntDontcount_oval	1	0.2
144.924	ntDontcount_oval	1	0.2
145.48	t_Dontcount_oval	1	0.2
147.44	ntDontcount_oval	1	0.2
148.572	ntDontcount_oval	1	0.2
149.68	ntDontcount_oval	1	0.2
151.344	ntDontcount_oval	1	0.2
151.9	ntDontcount_oval	1	0.2
153.564	t_Dontcount_oval	1	0.2
154.118	ntDontcount_oval	1	0.2
156.36	t_Dontcount_oval	1	0.2
156.912	ntDontcount_oval	1	0.2
157.468	ntDontcount_oval	1	0.2
158.022	ntDontcount_oval	1	0.2
159.686	ntDontcount_oval	1	0.2
160.24	ntDontcount_oval	1	0.2
160.816	ntDontcount_oval	1	0.2
161.372	t_Dontcount_oval	1	0.2
161.926	ntDontcount_oval	1	0.2
162.48	ntDontcount_oval	1	0.2
163.058	t_Dontcount_oval	1	0.2
163.612	t_Dontcount_oval	1	0.2
166.406	ntDontcount_oval	1	0.2
166.962	t_Dontcount_oval	1	0.2
167.516	t_Dontcount_oval	1	0.2
168.07	ntDontcount_oval	1	0.2
168.626	t_Dontcount_oval	1	0.2
169.18	ntDontcount_oval	1	0.2
169.734	ntDontcount_oval	1	0.2
170.288	ntDontcount_oval	1	0.2
170.844	ntDontcount_oval	1	0.2
171.4	t_Dontcount_oval	1	0.2
171.952	ntDontcount_oval	1	0.2
172.508	ntDontcount_oval	1	0.2
173.062	ntDontcount_oval	1	0.2
175.302	ntDontcount_oval	1	0.2
175.856	ntDontcount_oval	1	0.2
176.988	ntDontcount_oval	1	0.2
177.544	t_Dontcount_oval	1	0.2
178.12	t_Dontcount_oval	1	0.2
180.892	ntDontcount_oval	1	0.2
182.556	t_Dontcount_oval	1	0.2
183.11	ntDontcount_oval	1	0.2
183.666	t_Dontcount_oval	1	0.2
185.904	ntDontcount_oval	1	0.2
186.46	ntDontcount_oval	1	0.2
187.014	ntDontcount_oval	1	0.2
188.124	ntDontcount_oval	1	0.2
188.7	ntDontcount_oval	1	0.2
189.83	ntDontcount_oval	1	0.2
190.386	t_Dontcount_oval	1	0.2
190.94	t_Dontcount_oval	1	0.2
194.332	ntDontcount_oval	1	0.2
194.886	ntDontcount_oval	1	0.2
195.442	t_Dontcount_oval	1	0.2
195.996	ntDontcount_oval	1	0.2
196.552	t_Dontcount_oval	1	0.2
197.104	ntDontcount_oval	1	0.2
198.216	t_Dontcount_oval	1	0.2
198.768	ntDontcount_oval	1	0.2
199.324	ntDontcount_oval	1	0.2
199.878	ntDontcount_oval	1	0.2
200.456	t_Dontcount_oval	1	0.2
203.784	t_Dontcount_oval	1	0.2
204.912	ntDontcount_oval	1	0.2
206.022	ntDontcount_oval	1	0.2
208.796	ntDontcount_oval	1	0.2
209.35	ntDontcount_oval	1	0.2
209.904	ntDontcount_oval	1	0.2
210.46	t_Dontcount_oval	1	0.2
212.678	ntDontcount_oval	1	0.2
213.808	ntDontcount_oval	1	0.2
214.364	ntDontcount_oval	1	0.2
216.624	ntDontcount_oval	1	0.2
217.18	ntDontcount_oval	1	0.2
218.288	ntDontcount_oval	1	0.2
220.528	ntDontcount_oval	1	0.2
221.084	ntDontcount_oval	1	0.2
221.638	ntDontcount_oval	1	0.2
222.748	t_Dontcount_oval	1	0.2
223.302	ntDontcount_oval	1	0.2
224.412	ntDontcount_oval	1	0.2
224.966	ntDontcount_oval	1	0.2
226.076	ntDontcount_oval	1	0.2
226.632	t_Dontcount_oval	1	0.2
227.186	t_Dontcount_oval	1	0.2
228.848	ntDontcount_oval	1	0.2
229.404	ntDontcount_oval	1	0.2
232.198	ntDontcount_oval	1	0.2
232.754	t_Dontcount_oval	1	0.2
233.308	ntDontcount_oval	1	0.2
233.862	ntDontcount_oval	1	0.2
235.548	ntDontcount_oval	1	0.2
238.342	ntDontcount_oval	1	0.2
238.896	ntDontcount_oval	1	0.2
239.452	ntDontcount_oval	1	0.2
240.006	ntDontcount_oval	1	0.2
240.562	t_Dontcount_oval	1	0.2
241.138	t_Dontcount_oval	1	0.2
241.692	ntDontcount_oval	1	0.2
244.464	ntDontcount_oval	1	0.2
245.02	ntDontcount_oval	1	0.2
246.152	t_Dontcount_oval	1	0.2
247.836	ntDontcount_oval	1	0.2
248.39	ntDontcount_oval	1	0.2
248.944	ntDontcount_oval	1	0.2
250.652	ntDontcount_oval	1	0.2
251.228	ntDontcount_oval	1	0.2
251.782	ntDontcount_oval	1	0.2
254.044	ntDontcount_oval	1	0.2
257.392	ntDontcount_oval	1	0.2
259.612	ntDontcount_oval	1	0.2
261.276	ntDontcount_oval	1	0.2
261.83	ntDontcount_oval	1	0.2
263.494	ntDontcount_oval	1	0.2
264.048	ntDontcount_oval	1	0.2
266.288	ntDontcount_oval	1	0.2
266.844	ntDontcount_oval	1	0.2
268.528	ntDontcount_oval	1	0.2
269.084	ntDontcount_oval	1	0.2
269.638	ntDontcount_oval	1	0.2
270.748	ntDontcount_oval	1	0.2
271.858	t_Dontcount_oval	1	0.2
273.544	t_Dontcount_oval	1	0.2
274.118	ntDontcount_oval	1	0.2
274.672	ntDontcount_oval	1	0.2
275.228	ntDontcount_oval	1	0.2
276.892	ntDontcount_oval	1	0.2
278.556	ntDontcount_oval	1	0.2
279.11	ntDontcount_oval	1	0.2
282.46	ntDontcount_oval	1	0.2
283.036	ntDontcount_oval	1	0.2
283.592	t_Dontcount_oval	1	0.2
284.166	ntDontcount_oval	1	0.2
284.742	ntDontcount_oval	1	0.2
285.296	ntDontcount_oval	1	0.2
289.222	ntDontcount_oval	1	0.2
293.126	ntDontcount_oval	1	0.2
297.072	ntDontcount_oval	1	0.2
297.628	ntDontcount_oval	1	0.2
298.736	ntDontcount_oval	1	0.2
299.292	ntDontcount_oval	1	0.2
301.51	ntDontcount_oval	1	0.2
302.064	ntDontcount_oval	1	0.2
307.078	ntDontcount_oval	1	0.2
308.188	t_Dontcount_oval	1	0.2
308.742	ntDontcount_oval	1	0.2
309.298	t_Dontcount_oval	1	0.2
310.428	ntDontcount_oval	1	0.2
310.982	ntDontcount_oval	1	0.2
311.558	ntDontcount_oval	1	0.2
314.352	ntDontcount_oval	1	0.2
314.908	ntDontcount_oval	1	0.2
315.462	ntDontcount_oval	1	0.2
316.592	ntDontcount_oval	1	0.2
318.278	ntDontcount_oval	1	0.2
318.832	ntDontcount_oval	1	0.2
321.628	ntDontcount_oval	1	0.2
323.292	ntDontcount_oval	1	0.2
323.868	ntDontcount_oval	1	0.2
324.424	t_Dontcount_oval	1	0.2
324.998	ntDontcount_oval	1	0.2
325.552	ntDontcount_oval	1	0.2
326.108	ntDontcount_oval	1	0.2
326.662	ntDontcount_oval	1	0.2
327.216	ntDontcount_oval	1	0.2
327.772	ntDontcount_oval	1	0.2
329.436	ntDontcount_oval	1	0.2
331.654	ntDontcount_oval	1	0.2
332.208	ntDontcount_oval	1	0.2
332.764	t_Dontcount_oval	1	0.2
334.47	ntDontcount_oval	1	0.2
336.712	t_Dontcount_oval	1	0.2
337.264	ntDontcount_oval	1	0.2
337.82	t_Dontcount_oval	1	0.2
340.06	ntDontcount_oval	1	0.2
340.616	t_Dontcount_oval	1	0.2
343.388	ntDontcount_oval	1	0.2
343.942	ntDontcount_oval	1	0.2
344.496	ntDontcount_oval	1	0.2
345.052	t_Dontcount_oval	1	0.2
345.608	t_Dontcount_oval	1	0.2
346.162	t_Dontcount_oval	1	0.2
346.716	ntDontcount_oval	1	0.2
347.292	ntDontcount_oval	1	0.2
347.846	ntDontcount_oval	1	0.2
348.956	ntDontcount_oval	1	0.2
349.51	ntDontcount_oval	1	0.2
351.174	ntDontcount_oval	1	0.2
351.728	ntDontcount_oval	1	0.2
353.394	t_Dontcount_oval	1	0.2
355.078	ntDontcount_oval	1	0.2
355.632	ntDontcount_oval	1	0.2
356.188	ntDontcount_oval	1	0.2
356.744	t_Dontcount_oval	1	0.2
357.296	ntDontcount_oval	1	0.2
357.852	ntDontcount_oval	1	0.2
358.406	ntDontcount_oval	1	0.2
360.092	ntDontcount_oval	1	0.2
360.668	ntDontcount_oval	1	0.2
361.222	ntDontcount_oval	1	0.2
361.776	ntDontcount_oval	1	0.2
365.148	ntDontcount_oval	1	0.2
366.28	t_Dontcount_oval	1	0.2
366.834	t_Dontcount_oval	1	0.2
367.388	ntDontcount_oval	1	0.2
367.942	ntDontcount_oval	1	0.2
368.518	ntDontcount_oval	1	0.2
369.074	t_Dontcount_oval	1	0.2
370.184	t_Dontcount_oval	1	0.2
370.758	ntDontcount_oval	1	0.2
371.868	ntDontcount_oval	1	0.2
372.424	t_Dontcount_oval	1	0.2
372.998	ntDontcount_oval	1	0.2
373.552	ntDontcount_oval	1	0.2
374.108	ntDontcount_oval	1	0.2
375.238	ntDontcount_oval	1	0.2
375.792	ntDontcount_oval	1	0.2
376.348	ntDontcount_oval	1	0.2
376.902	ntDontcount_oval	1	0.2
377.458	t_Dontcount_oval	1	0.2
379.122	ntDontcount_oval	1	0.2
379.696	ntDontcount_oval	1	0.2
380.252	t_Dontcount_oval	1	0.2
380.828	ntDontcount_oval	1	0.2
381.382	ntDontcount_oval	1	0.2
381.958	ntDontcount_oval	1	0.2
382.512	ntDontcount_oval	1	0.2
383.068	t_Dontcount_oval	1	0.2
383.622	ntDontcount_oval	1	0.2
384.176	ntDontcount_oval	1	0.2
384.732	ntDontcount_oval	1	0.2
385.308	t_Dontcount_oval	1	0.2
385.862	ntDontcount_oval	1	0.2
387.548	t_Dontcount_oval	1	0.2
388.102	ntDontcount_oval	1	0.2
388.656	ntDontcount_oval	1	0.2
389.212	ntDontcount_oval	1	0.2
390.32	ntDontcount_oval	1	0.2
391.984	ntDontcount_oval	1	0.2
392.54	t_Dontcount_oval	1	0.2
393.094	ntDontcount_oval	1	0.2
394.204	t_Dontcount_oval	1	0.2
394.758	ntDontcount_oval	1	0.2
395.312	ntDontcount_oval	1	0.2
395.888	ntDontcount_oval	1	0.2
396.464	ntDontcount_oval	1	0.2
399.26	ntDontcount_oval	1	0.2
400.37	t_Dontcount_oval	1	0.2
401.478	ntDontcount_oval	1	0.2
402.032	ntDontcount_oval	1	0.2
402.588	ntDontcount_oval	1	0.2
404.272	ntDontcount_oval	1	0.2
405.938	t_Dontcount_oval	1	0.2
406.492	ntDontcount_oval	1	0.2
407.068	t_Dontcount_oval	1	0.2
407.624	t_Dontcount_oval	1	0.2
408.176	ntDontcount_oval	1	0.2
408.732	ntDontcount_oval	1	0.2
409.308	ntDontcount_oval	1	0.2
409.862	ntDontcount_oval	1	0.2
411.548	ntDontcount_oval	1	0.2
412.124	ntDontcount_oval	1	0.2
412.7	t_Dontcount_oval	1	0.2
413.254	ntDontcount_oval	1	0.2
413.81	t_Dontcount_oval	1	0.2
416.05	t_Dontcount_oval	1	0.2
416.604	ntDontcount_oval	1	0.2
417.158	ntDontcount_oval	1	0.2
420.508	ntDontcount_oval	1	0.2
427.834	ntDontcount_campus	1	0.2
429.518	ntDontcount_campus	1	0.2
433.422	ntDontcount_campus	1	0.2
437.348	ntDontcount_campus	1	0.2
437.924	t_Dontcount_campus	1	0.2
438.5	t_Dontcount_campus	1	0.2
439.054	ntDontcount_campus	1	0.2
441.828	ntDontcount_campus	1	0.2
444.624	t_Dontcount_campus	1	0.2
446.308	ntDontcount_campus	1	0.2
446.862	ntDontcount_campus	1	0.2
452.474	ntDontcount_campus	1	0.2
453.028	t_Dontcount_campus	1	0.2
458.106	t_Dontcount_campus	1	0.2
460.922	ntDontcount_campus	1	0.2
462.074	ntDontcount_campus	1	0.2
462.628	t_Dontcount_campus	1	0.2
464.292	ntDontcount_campus	1	0.2
466.512	t_Dontcount_campus	1	0.2
467.086	ntDontcount_campus	1	0.2
467.642	ntDontcount_campus	1	0.2
469.326	ntDontcount_campus	1	0.2
470.436	ntDontcount_campus	1	0.2
472.656	t_Dontcount_campus	1	0.2
476.558	ntDontcount_campus	1	0.2
478.842	ntDontcount_campus	1	0.2
482.766	ntDontcount_campus	1	0.2
483.876	ntDontcount_campus	1	0.2
484.43	ntDontcount_campus	1	0.2
485.54	t_Dontcount_campus	1	0.2
489.488	t_Dontcount_campus	1	0.2
491.726	ntDontcount_campus	1	0.2
497.274	ntDontcount_campus	1	0.2
500.622	ntDontcount_campus	1	0.2
501.178	ntDontcount_campus	1	0.2
502.884	ntDontcount_campus	1	0.2
503.44	t_Dontcount_campus	1	0.2
503.994	ntDontcount_campus	1	0.2
505.658	ntDontcount_campus	1	0.2
506.212	ntDontcount_campus	1	0.2
507.876	ntDontcount_campus	1	0.2
519.054	ntDontcount_campus	1	0.2
519.61	ntDontcount_campus	1	0.2
520.164	t_Dontcount_campus	1	0.2
521.274	t_Dontcount_campus	1	0.2
521.828	ntDontcount_campus	1	0.2
522.382	ntDontcount_campus	1	0.2
522.938	t_Dontcount_campus	1	0.2
523.492	ntDontcount_campus	1	0.2
528.506	ntDontcount_campus	1	0.2
534.628	ntDontcount_campus	1	0.2
535.182	ntDontcount_campus	1	0.2
541.348	ntDontcount_campus	1	0.2
541.902	ntDontcount_campus	1	0.2
544.144	t_Dontcount_campus	1	0.2
545.274	ntDontcount_campus	1	0.2
550.286	ntDontcount_campus	1	0.2
555.364	t_Dontcount_campus	1	0.2
555.918	ntDontcount_campus	1	0.2
556.494	ntDontcount_campus	1	0.2
560.398	ntDontcount_campus	1	0.2
560.954	ntDontcount_campus	1	0.2
565.988	ntDontcount_campus	1	0.2
566.564	ntDontcount_campus	1	0.2
578.062	ntDontcount_campus	1	0.2
597.028	ntDontcount_campus	1	0.2
600.954	ntDontcount_campus	1	0.2
601.508	ntDontcount_campus	1	0.2
607.054	ntDontcount_campus	1	0.2
609.85	ntDontcount_campus	1	0.2
610.406	t_Dontcount_campus	1	0.2
611.514	ntDontcount_campus	1	0.2
612.622	ntDontcount_campus	1	0.2
615.418	ntDontcount_campus	1	0.2
619.898	ntDontcount_campus	1	0.2
621.006	ntDontcount_campus	1	0.2
621.582	ntDontcount_campus	1	0.2
623.268	ntDontcount_campus	1	0.2
626.64	t_Dontcount_campus	1	0.2
631.076	ntDontcount_campus	1	0.2
635.002	ntDontcount_campus	1	0.2
636.11	ntDontcount_campus	1	0.2
641.166	ntDontcount_campus	1	0.2
641.722	ntDontcount_campus	1	0.2
643.962	ntDontcount_campus	1	0.2
644.516	ntDontcount_campus	1	0.2
645.072	t_Dontcount_campus	1	0.2
647.844	ntDontcount_campus	1	0.2
648.398	ntDontcount_campus	1	0.2
649.508	ntDontcount_campus	1	0.2
651.172	ntDontcount_campus	1	0.2
658.49	ntDontcount_campus	1	0.2
666.318	ntDontcount_campus	1	0.2
666.874	ntDontcount_campus	1	0.2
670.222	ntDontcount_campus	1	0.2
670.778	ntDontcount_campus	1	0.2
671.886	ntDontcount_campus	1	0.2
672.442	t_Dontcount_campus	1	0.2
672.996	ntDontcount_campus	1	0.2
673.572	ntDontcount_campus	1	0.2
674.682	ntDontcount_campus	1	0.2
679.118	ntDontcount_campus	1	0.2
680.804	ntDontcount_campus	1	0.2
681.914	ntDontcount_campus	1	0.2
682.468	ntDontcount_campus	1	0.2
683.578	ntDontcount_campus	1	0.2
686.394	ntDontcount_campus	1	0.2
686.948	ntDontcount_campus	1	0.2
687.502	ntDontcount_campus	1	0.2
691.43	t_Dontcount_campus	1	0.2
691.984	t_Dontcount_campus	1	0.2
696.464	t_Dontcount_campus	1	0.2
700.388	ntDontcount_campus	1	0.2
700.942	ntDontcount_campus	1	0.2
701.498	t_Dontcount_campus	1	0.2
702.054	t_Dontcount_campus	1	0.2
711.034	t_Dontcount_campus	1	0.2
713.83	t_Dontcount_campus	1	0.2
714.938	ntDontcount_campus	1	0.2
716.602	ntDontcount_campus	1	0.2
719.374	ntDontcount_campus	1	0.2
726.672	t_Dontcount_campus	1	0.2
727.226	ntDontcount_campus	1	0.2
729.998	ntDontcount_campus	1	0.2
730.554	ntDontcount_campus	1	0.2
731.108	ntDontcount_campus	1	0.2
731.662	ntDontcount_campus	1	0.2
734.478	ntDontcount_campus	1	0.2
735.034	ntDontcount_campus	1	0.2
735.588	ntDontcount_campus	1	0.2
738.404	ntDontcount_campus	1	0.2
738.958	ntDontcount_campus	1	0.2
739.514	ntDontcount_campus	1	0.2
740.068	ntDontcount_campus	1	0.2
740.622	ntDontcount_campus	1	0.2
741.198	ntDontcount_campus	1	0.2
743.994	ntDontcount_campus	1	0.2
744.55	t_Dontcount_campus	1	0.2
745.678	ntDontcount_campus	1	0.2
747.366	t_Dontcount_campus	1	0.2
747.92	t_Dontcount_campus	1	0.2
749.028	ntDontcount_campus	1	0.2
751.29	ntDontcount_campus	1	0.2
755.748	ntDontcount_campus	1	0.2
756.302	ntDontcount_campus	1	0.2
756.878	ntDontcount_campus	1	0.2
758.01	ntDontcount_campus	1	0.2
761.338	ntDontcount_campus	1	0.2
765.22	ntDontcount_campus	1	0.2
768.036	ntDontcount_campus	1	0.2
768.59	ntDontcount_campus	1	0.2
769.7	ntDontcount_campus	1	0.2
771.364	ntDontcount_campus	1	0.2
774.756	ntDontcount_campus	1	0.2
775.866	ntDontcount_campus	1	0.2
776.42	ntDontcount_campus	1	0.2
776.976	t_Dontcount_campus	1	0.2
777.53	ntDontcount_campus	1	0.2
778.084	ntDontcount_campus	1	0.2
778.66	ntDontcount_campus	1	0.2
782.564	ntDontcount_campus	1	0.2
783.14	ntDontcount_campus	1	0.2
783.694	ntDontcount_campus	1	0.2
784.25	ntDontcount_campus	1	0.2
786.49	ntDontcount_campus	1	0.2
787.044	ntDontcount_campus	1	0.2
787.598	ntDontcount_campus	1	0.2
792.654	ntDontcount_campus	1	0.2
793.764	ntDontcount_campus	1	0.2
794.318	ntDontcount_campus	1	0.2
795.43	t_Dontcount_campus	1	0.2
798.798	ntDontcount_campus	1	0.2
802.192	t_Dontcount_campus	1	0.2
802.746	ntDontcount_campus	1	0.2
803.3	ntDontcount_campus	1	0.2
803.854	ntDontcount_campus	1	0.2
804.41	ntDontcount_campus	1	0.2
805.518	ntDontcount_campus	1	0.2
806.074	ntDontcount_campus	1	0.2
806.628	ntDontcount_campus	1	0.2
808.314	ntDontcount_campus	1	0.2
808.868	ntDontcount_campus	1	0.2
811.662	ntDontcount_campus	1	0.2
812.218	ntDontcount_campus	1	0.2
815.566	ntDontcount_campus	1	0.2
816.122	ntDontcount_campus	1	0.2
818.958	ntDontcount_campus	1	0.2
819.514	ntDontcount_campus	1	0.2
820.09	t_Dontcount_campus	1	0.2
820.644	ntDontcount_campus	1	0.2
821.198	ntDontcount_campus	1	0.2
821.754	ntDontcount_campus	1	0.2
827.322	ntDontcount_campus	1	0.2
828.986	ntDontcount_campus	1	0.2
831.802	ntDontcount_campus	1	0.2
833.466	t_Dontcount_campus	1	0.2
834.022	t_Dontcount_campus	1	0.2
835.706	t_Dontcount_campus	1	0.2
836.26	ntDontcount_campus	1	0.2
836.814	ntDontcount_campus	1	0.2
838.478	ntDontcount_campus	1	0.2
839.61	ntDontcount_campus	1	0.2
840.186	ntDontcount_campus	1	0.2
840.74	ntDontcount_campus	1	0.2
841.294	ntDontcount_campus	1	0.2
841.85	ntDontcount_campus	1	0.2
842.98	ntDontcount_campus	1	0.2
843.558	t_Dontcount_campus	1	0.2
848.664	ntDontcount_lab	1	0.2
849.22	ntDontcount_lab	1	0.2
849.774	t_Dontcount_lab	1	0.2
850.328	ntDontcount_lab	1	0.2
850.884	ntDontcount_lab	1	0.2
851.992	ntDontcount_lab	1	0.2
852.548	t_Dontcount_lab	1	0.2
853.102	ntDontcount_lab	1	0.2
853.658	t_Dontcount_lab	1	0.2
854.212	ntDontcount_lab	1	0.2
854.788	t_Dontcount_lab	1	0.2
855.342	ntDontcount_lab	1	0.2
856.452	ntDontcount_lab	1	0.2
857.006	ntDontcount_lab	1	0.2
857.582	ntDontcount_lab	1	0.2
858.136	ntDontcount_lab	1	0.2
858.712	ntDontcount_lab	1	0.2
859.268	ntDontcount_lab	1	0.2
859.822	ntDontcount_lab	1	0.2
860.376	ntDontcount_lab	1	0.2
862.66	ntDontcount_lab	1	0.2
863.214	ntDontcount_lab	1	0.2
863.768	ntDontcount_lab	1	0.2
864.324	ntDontcount_lab	1	0.2
864.878	ntDontcount_lab	1	0.2
865.432	ntDontcount_lab	1	0.2
865.988	ntDontcount_lab	1	0.2
866.564	ntDontcount_lab	1	0.2
867.118	ntDontcount_lab	1	0.2
867.672	ntDontcount_lab	1	0.2
868.228	ntDontcount_lab	1	0.2
868.804	t_Dontcount_lab	1	0.2
869.358	ntDontcount_lab	1	0.2
869.912	ntDontcount_lab	1	0.2
870.488	ntDontcount_lab	1	0.2
871.044	ntDontcount_lab	1	0.2
871.598	t_Dontcount_lab	1	0.2
872.152	ntDontcount_lab	1	0.2
872.708	ntDontcount_lab	1	0.2
873.262	ntDontcount_lab	1	0.2
873.816	ntDontcount_lab	1	0.2
874.372	ntDontcount_lab	1	0.2
874.948	ntDontcount_lab	1	0.2
875.502	ntDontcount_lab	1	0.2
876.056	ntDontcount_lab	1	0.2
876.612	ntDontcount_lab	1	0.2
877.166	ntDontcount_lab	1	0.2
877.742	ntDontcount_lab	1	0.2
878.296	ntDontcount_lab	1	0.2
878.852	ntDontcount_lab	1	0.2
879.428	ntDontcount_lab	1	0.2
880.536	ntDontcount_lab	1	0.2
881.646	t_Dontcount_lab	1	0.2
882.222	ntDontcount_lab	1	0.2
882.776	ntDontcount_lab	1	0.2
883.352	ntDontcount_lab	1	0.2
883.93	t_Dontcount_lab	1	0.2
884.484	ntDontcount_lab	1	0.2
885.038	ntDontcount_lab	1	0.2
885.592	ntDontcount_lab	1	0.2
887.256	ntDontcount_lab	1	0.2
887.812	ntDontcount_lab	1	0.2
888.366	ntDontcount_lab	1	0.2
888.922	t_Dontcount_lab	1	0.2
889.476	ntDontcount_lab	1	0.2
890.03	ntDontcount_lab	1	0.2
890.606	ntDontcount_lab	1	0.2
891.182	ntDontcount_lab	1	0.2
891.736	ntDontcount_lab	1	0.2
892.314	t_Dontcount_lab	1	0.2
892.868	ntDontcount_lab	1	0.2
893.422	ntDontcount_lab	1	0.2
893.976	ntDontcount_lab	1	0.2
894.552	ntDontcount_lab	1	0.2
895.128	ntDontcount_lab	1	0.2
895.684	ntDontcount_lab	1	0.2
896.238	ntDontcount_lab	1	0.2
896.794	t_Dontcount_lab	1	0.2
897.348	t_Dontcount_lab	1	0.2
897.902	ntDontcount_lab	1	0.2
898.456	ntDontcount_lab	1	0.2
899.032	ntDontcount_lab	1	0.2
899.61	t_Dontcount_lab	1	0.2
900.164	t_Dontcount_lab	1	0.2
900.718	t_Dontcount_lab	1	0.2
901.272	ntDontcount_lab	1	0.2
901.828	ntDontcount_lab	1	0.2
902.404	t_Dontcount_lab	1	0.2
902.98	ntDontcount_lab	1	0.2
903.534	ntDontcount_lab	1	0.2
904.088	ntDontcount_lab	1	0.2
904.644	ntDontcount_lab	1	0.2
905.198	t_Dontcount_lab	1	0.2
905.754	t_Dontcount_lab	1	0.2
906.308	ntDontcount_lab	1	0.2
906.862	ntDontcount_lab	1	0.2
907.416	ntDontcount_lab	1	0.2
907.972	ntDontcount_lab	1	0.2
908.526	t_Dontcount_lab	1	0.2
909.08	ntDontcount_lab	1	0.2
909.636	t_Dontcount_lab	1	0.2
910.19	ntDontcount_lab	1	0.2
910.744	ntDontcount_lab	1	0.2
911.32	ntDontcount_lab	1	0.2
911.876	ntDontcount_lab	1	0.2
912.43	ntDontcount_lab	1	0.2
912.984	ntDontcount_lab	1	0.2
913.582	ntDontcount_lab	1	0.2
914.138	t_Dontcount_lab	1	0.2
914.712	ntDontcount_lab	1	0.2
915.268	ntDontcount_lab	1	0.2
915.822	ntDontcount_lab	1	0.2
916.378	t_Dontcount_lab	1	0.2
916.932	ntDontcount_lab	1	0.2
917.486	ntDontcount_lab	1	0.2
918.04	ntDontcount_lab	1	0.2
918.596	ntDontcount_lab	1	0.2
919.172	ntDontcount_lab	1	0.2
919.748	ntDontcount_lab	1	0.2
920.302	ntDontcount_lab	1	0.2
920.856	ntDontcount_lab	1	0.2
921.412	ntDontcount_lab	1	0.2
921.966	ntDontcount_lab	1	0.2
922.522	t_Dontcount_lab	1	0.2
923.096	ntDontcount_lab	1	0.2
923.672	ntDontcount_lab	1	0.2
924.228	ntDontcount_lab	1	0.2
924.782	t_Dontcount_lab	1	0.2
925.358	ntDontcount_lab	1	0.2
925.914	t_Dontcount_lab	1	0.2
926.468	ntDontcount_lab	1	0.2
927.044	ntDontcount_lab	1	0.2
927.62	ntDontcount_lab	1	0.2
928.174	ntDontcount_lab	1	0.2
928.73	t_Dontcount_lab	1	0.2
929.284	t_Dontcount_lab	1	0.2
929.838	ntDontcount_lab	1	0.2
930.392	ntDontcount_lab	1	0.2
930.948	ntDontcount_lab	1	0.2
931.502	ntDontcount_lab	1	0.2
932.078	t_Dontcount_lab	1	0.2
932.632	ntDontcount_lab	1	0.2
933.188	ntDontcount_lab	1	0.2
933.742	ntDontcount_lab	1	0.2
934.298	t_Dontcount_lab	1	0.2
934.872	ntDontcount_lab	1	0.2
935.428	ntDontcount_lab	1	0.2
935.982	ntDontcount_lab	1	0.2
938.2	ntDontcount_lab	1	0.2
938.756	ntDontcount_lab	1	0.2
939.332	ntDontcount_lab	1	0.2
939.886	ntDontcount_lab	1	0.2
940.462	ntDontcount_lab	1	0.2
941.016	ntDontcount_lab	1	0.2
941.572	ntDontcount_lab	1	0.2
942.126	ntDontcount_lab	1	0.2
942.68	ntDontcount_lab	1	0.2
943.256	ntDontcount_lab	1	0.2
943.812	t_Dontcount_lab	1	0.2
944.366	ntDontcount_lab	1	0.2
944.92	ntDontcount_lab	1	0.2
945.476	ntDontcount_lab	1	0.2
946.03	ntDontcount_lab	1	0.2
946.586	t_Dontcount_lab	1	0.2
947.14	ntDontcount_lab	1	0.2
947.716	ntDontcount_lab	1	0.2
948.27	ntDontcount_lab	1	0.2
948.824	ntDontcount_lab	1	0.2
949.38	t_Dontcount_lab	1	0.2
949.934	ntDontcount_lab	1	0.2
950.488	ntDontcount_lab	1	0.2
951.064	ntDontcount_lab	1	0.2
951.64	ntDontcount_lab	1	0.2
952.196	ntDontcount_lab	1	0.2
952.75	ntDontcount_lab	1	0.2
953.304	ntDontcount_lab	1	0.2
953.86	ntDontcount_lab	1	0.2
954.414	t_Dontcount_lab	1	0.2
954.968	ntDontcount_lab	1	0.2
955.524	ntDontcount_lab	1	0.2
956.078	ntDontcount_lab	1	0.2
956.632	ntDontcount_lab	1	0.2
957.188	ntDontcount_lab	1	0.2
957.742	ntDontcount_lab	1	0.2
958.296	ntDontcount_lab	1	0.2
958.852	ntDontcount_lab	1	0.2
959.406	ntDontcount_lab	1	0.2
959.982	t_Dontcount_lab	1	0.2
960.538	t_Dontcount_lab	1	0.2
961.112	ntDontcount_lab	1	0.2
961.668	ntDontcount_lab	1	0.2
962.222	ntDontcount_lab	1	0.2
962.798	ntDontcount_lab	1	0.2
963.352	ntDontcount_lab	1	0.2
963.908	ntDontcount_lab	1	0.2
964.464	t_Dontcount_lab	1	0.2
965.016	ntDontcount_lab	1	0.2
965.572	ntDontcount_lab	1	0.2
966.126	t_Dontcount_lab	1	0.2
966.682	t_Dontcount_lab	1	0.2
967.236	ntDontcount_lab	1	0.2
967.812	t_Dontcount_lab	1	0.2
968.366	ntDontcount_lab	1	0.2
968.942	ntDontcount_lab	1	0.2
969.496	ntDontcount_lab	1	0.2
970.052	ntDontcount_lab	1	0.2
970.608	t_Dontcount_lab	1	0.2
971.182	ntDontcount_lab	1	0.2
971.758	ntDontcount_lab	1	0.2
972.334	ntDontcount_lab	1	0.2
972.888	ntDontcount_lab	1	0.2
973.444	ntDontcount_lab	1	0.2
973.998	ntDontcount_lab	1	0.2
974.552	ntDontcount_lab	1	0.2
975.108	ntDontcount_lab	1	0.2
975.664	t_Dontcount_lab	1	0.2
976.238	ntDontcount_lab	1	0.2
976.792	ntDontcount_lab	1	0.2
977.348	ntDontcount_lab	1	0.2
977.902	ntDontcount_lab	1	0.2
978.456	ntDontcount_lab	1	0.2
979.012	ntDontcount_lab	1	0.2
979.59	t_Dontcount_lab	1	0.2
980.848	t_Dontcount_lab	1	0.2
981.424	t_Dontcount_lab	1	0.2
981.998	ntDontcount_lab	1	0.2
982.576	t_Dontcount_lab	1	0.2
983.13	t_Dontcount_lab	1	0.2
983.704	ntDontcount_lab	1	0.2
984.28	ntDontcount_lab	1	0.2
984.836	ntDontcount_lab	1	0.2
985.39	ntDontcount_lab	1	0.2
985.968	t_Dontcount_lab	1	0.2
986.52	ntDontcount_lab	1	0.2
987.096	ntDontcount_lab	1	0.2
987.652	ntDontcount_lab	1	0.2
988.228	ntDontcount_lab	1	0.2
988.782	ntDontcount_lab	1	0.2
989.336	ntDontcount_lab	1	0.2
989.912	ntDontcount_lab	1	0.2
990.468	ntDontcount_lab	1	0.2
991.044	ntDontcount_lab	1	0.2
991.598	ntDontcount_lab	1	0.2
992.154	t_Dontcount_lab	1	0.2
992.708	ntDontcount_lab	1	0.2
993.262	ntDontcount_lab	1	0.2
993.816	ntDontcount_lab	1	0.2
994.372	ntDontcount_lab	1	0.2
994.928	t_Dontcount_lab	1	0.2
995.502	ntDontcount_lab	1	0.2
996.056	ntDontcount_lab	1	0.2
996.612	ntDontcount_lab	1	0.2
997.166	ntDontcount_lab	1	0.2
997.72	ntDontcount_lab	1	0.2
998.276	ntDontcount_lab	1	0.2
998.83	ntDontcount_lab	1	0.2
999.384	ntDontcount_lab	1	0.2
999.96	ntDontcount_lab	1	0.2
1000.536	ntDontcount_lab	1	0.2
1001.092	ntDontcount_lab	1	0.2
1001.646	ntDontcount_lab	1	0.2
1002.2	ntDontcount_lab	1	0.2
1002.756	ntDontcount_lab	1	0.2
1003.332	ntDontcount_lab	1	0.2
1003.886	ntDontcount_lab	1	0.2
1004.462	ntDontcount_lab	1	0.2
1005.016	ntDontcount_lab	1	0.2
1005.592	ntDontcount_lab	1	0.2
1006.148	ntDontcount_lab	1	0.2
1006.702	ntDontcount_lab	1	0.2
1007.256	ntDontcount_lab	1	0.2
1007.812	ntDontcount_lab	1	0.2
1008.366	ntDontcount_lab	1	0.2
1008.944	t_Dontcount_lab	1	0.2
1009.496	ntDontcount_lab	1	0.2
1010.074	t_Dontcount_lab	1	0.2
1010.628	ntDontcount_lab	1	0.2
1011.182	ntDontcount_lab	1	0.2
1011.736	ntDontcount_lab	1	0.2
1012.292	ntDontcount_lab	1	0.2
1012.868	ntDontcount_lab	1	0.2
1013.422	ntDontcount_lab	1	0.2
1013.976	ntDontcount_lab	1	0.2
1014.532	ntDontcount_lab	1	0.2
1015.086	ntDontcount_lab	1	0.2
1015.662	ntDontcount_lab	1	0.2
1016.238	ntDontcount_lab	1	0.2
1016.792	ntDontcount_lab	1	0.2
1017.368	ntDontcount_lab	1	0.2
1017.924	ntDontcount_lab	1	0.2
1018.48	t_Dontcount_lab	1	0.2
1019.034	t_Dontcount_lab	1	0.2
1019.588	ntDontcount_lab	1	0.2
1020.144	t_Dontcount_lab	1	0.2
1020.718	ntDontcount_lab	1	0.2
1021.272	ntDontcount_lab	1	0.2
1021.828	ntDontcount_lab	1	0.2
1022.404	ntDontcount_lab	1	0.2
1022.96	t_Dontcount_lab	1	0.2
1023.512	ntDontcount_lab	1	0.2
1024.068	ntDontcount_lab	1	0.2
1024.644	ntDontcount_lab	1	0.2
1025.198	ntDontcount_lab	1	0.2
1025.754	t_Dontcount_lab	1	0.2
1026.308	ntDontcount_lab	1	0.2
1026.862	ntDontcount_lab	1	0.2
1027.416	ntDontcount_lab	1	0.2
1027.992	ntDontcount_lab	1	0.2
1028.57	t_Dontcount_lab	1	0.2
1029.124	ntDontcount_lab	1	0.2
1029.678	ntDontcount_lab	1	0.2
1030.232	ntDontcount_lab	1	0.2
1030.788	t_Dontcount_lab	1	0.2
1031.342	ntDontcount_lab	1	0.2
1031.896	ntDontcount_lab	1	0.2
1032.452	ntDontcount_lab	1	0.2
1033.028	ntDontcount_lab	1	0.2
1033.582	ntDontcount_lab	1	0.2
1034.136	ntDontcount_lab	1	0.2
1034.692	ntDontcount_lab	1	0.2
1035.246	ntDontcount_lab	1	0.2
1035.822	ntDontcount_lab	1	0.2
1036.376	ntDontcount_lab	1	0.2
1036.952	ntDontcount_lab	1	0.2
1037.508	ntDontcount_lab	1	0.2
1038.062	ntDontcount_lab	1	0.2
1038.618	t_Dontcount_lab	1	0.2
1039.172	ntDontcount_lab	1	0.2
1039.748	ntDontcount_lab	1	0.2
1040.302	ntDontcount_lab	1	0.2
1040.856	ntDontcount_lab	1	0.2
1041.432	ntDontcount_lab	1	0.2
1041.988	t_Dontcount_lab	1	0.2
1042.544	t_Dontcount_lab	1	0.2
1043.098	t_Dontcount_lab	1	0.2
1043.652	ntDontcount_lab	1	0.2
1044.206	ntDontcount_lab	1	0.2
1044.76	ntDontcount_lab	1	0.2
1045.336	ntDontcount_lab	1	0.2
1045.892	ntDontcount_lab	1	0.2
1047.576	ntDontcount_lab	1	0.2
1048.154	t_Dontcount_lab	1	0.2
1048.708	ntDontcount_lab	1	0.2
1049.284	ntDontcount_lab	1	0.2
1049.86	ntDontcount_lab	1	0.2
1050.414	ntDontcount_lab	1	0.2
1050.968	ntDontcount_lab	1	0.2
1051.524	ntDontcount_lab	1	0.2
1052.078	ntDontcount_lab	1	0.2
1052.632	ntDontcount_lab	1	0.2
1053.208	ntDontcount_lab	1	0.2
1053.784	ntDontcount_lab	1	0.2
1054.36	ntDontcount_lab	1	0.2
1054.916	ntDontcount_lab	1	0.2
1055.47	ntDontcount_lab	1	0.2
1056.024	ntDontcount_lab	1	0.2
1056.6	ntDontcount_lab	1	0.2
1057.156	ntDontcount_lab	1	0.2
1057.732	t_Dontcount_lab	1	0.2
1058.286	ntDontcount_lab	1	0.2
1058.84	ntDontcount_lab	1	0.2
1059.396	ntDontcount_lab	1	0.2
1059.952	t_Dontcount_lab	1	0.2
1060.504	ntDontcount_lab	1	0.2
1061.08	ntDontcount_lab	1	0.2
1061.656	ntDontcount_lab	1	0.2
1062.232	ntDontcount_lab	1	0.2
1062.788	ntDontcount_lab	1	0.2
1063.342	ntDontcount_lab	1	0.2
1063.896	ntDontcount_lab	1	0.2
1064.474	t_Dontcount_lab	1	0.2
1065.028	ntDontcount_lab	1	0.2
1065.604	ntDontcount_lab	1	0.2
1066.18	ntDontcount_lab	1	0.2
1066.736	t_Dontcount_lab	1	0.2
1067.29	t_Dontcount_lab	1	0.2
1067.844	ntDontcount_lab	1	0.2
1068.398	ntDontcount_lab	1	0.2
1068.954	t_Dontcount_lab	1	0.2
1069.528	ntDontcount_lab	1	0.2
1070.104	ntDontcount_lab	1	0.2
1070.66	t_Dontcount_lab	1	0.2
1071.214	ntDontcount_lab	1	0.2
1071.792	t_Dontcount_lab	1	0.2
1072.346	t_Dontcount_lab	1	0.2
1072.92	ntDontcount_lab	1	0.2
1073.476	ntDontcount_lab	1	0.2
1074.03	ntDontcount_lab	1	0.2
1074.584	ntDontcount_lab	1	0.2
1075.14	ntDontcount_lab	1	0.2
1075.694	ntDontcount_lab	1	0.2
1076.248	ntDontcount_lab	1	0.2
1076.804	ntDontcount_lab	1	0.2
1077.38	ntDontcount_lab	1	0.2
1077.956	ntDontcount_lab	1	0.2
1078.51	ntDontcount_lab	1	0.2
1079.064	ntDontcount_lab	1	0.2
1079.64	ntDontcount_lab	1	0.2
1080.216	ntDontcount_lab	1	0.2
1080.792	ntDontcount_lab	1	0.2
1081.348	ntDontcount_lab	1	0.2
1081.924	t_Dontcount_lab	1	0.2
1082.478	ntDontcount_lab	1	0.2
1083.032	ntDontcount_lab	1	0.2
1083.588	ntDontcount_lab	1	0.2
1084.142	ntDontcount_lab	1	0.2
1084.718	ntDontcount_lab	1	0.2
1085.272	ntDontcount_lab	1	0.2
1085.828	ntDontcount_lab	1	0.2
1086.384	t_Dontcount_lab	1	0.2
1086.938	t_Dontcount_lab	1	0.2
1087.492	t_Dontcount_lab	1	0.2
1088.046	ntDontcount_lab	1	0.2
1088.602	t_Dontcount_lab	1	0.2
1089.156	ntDontcount_lab	1	0.2
1089.71	ntDontcount_lab	1	0.2
1090.264	ntDontcount_lab	1	0.2
1090.84	ntDontcount_lab	1	0.2
1091.396	t_Dontcount_lab	1	0.2
1091.95	ntDontcount_lab	1	0.2
1092.504	ntDontcount_lab	1	0.2
1093.082	t_Dontcount_lab	1	0.2
1093.636	ntDontcount_lab	1	0.2
1094.212	ntDontcount_lab	1	0.2
1094.766	ntDontcount_lab	1	0.2
1095.342	ntDontcount_lab	1	0.2
1095.898	t_Dontcount_lab	1	0.2
1096.452	ntDontcount_lab	1	0.2
1097.006	ntDontcount_lab	1	0.2
1097.56	ntDontcount_lab	1	0.2
1098.116	ntDontcount_lab	1	0.2
1098.67	ntDontcount_lab	1	0.2
1099.226	t_Dontcount_lab	1	0.2
1099.78	ntDontcount_lab	1	0.2
1100.336	t_Dontcount_lab	1	0.2
1100.888	ntDontcount_lab	1	0.2
1101.444	ntDontcount_lab	1	0.2
1101.976	ntDontcount_lab	1	0.2
1102.552	ntDontcount_lab	1	0.2
1103.108	ntDontcount_lab	1	0.2
1103.664	t_Dontcount_lab	1	0.2
1104.216	ntDontcount_lab	1	0.2
1104.772	ntDontcount_lab	1	0.2
1105.348	ntDontcount_lab	1	0.2
1105.924	ntDontcount_lab	1	0.2
1106.478	ntDontcount_lab	1	0.2
1107.034	t_Dontcount_lab	1	0.2
1107.588	ntDontcount_lab	1	0.2
1108.142	ntDontcount_lab	1	0.2
1108.698	t_Dontcount_lab	1	0.2
1109.252	ntDontcount_lab	1	0.2
1109.806	ntDontcount_lab	1	0.2
1110.384	t_Dontcount_lab	1	0.2
1110.936	ntDontcount_lab	1	0.2
1111.492	ntDontcount_lab	1	0.2
1112.046	ntDontcount_lab	1	0.2
1112.6	ntDontcount_lab	1	0.2
1113.156	t_Dontcount_lab	1	0.2
1113.732	ntDontcount_lab	1	0.2
1114.286	ntDontcount_lab	1	0.2
1114.862	ntDontcount_lab	1	0.2
1115.416	ntDontcount_lab	1	0.2
1115.972	ntDontcount_lab	1	0.2
1116.526	ntDontcount_lab	1	0.2
1117.102	ntDontcount_lab	1	0.2
1117.678	ntDontcount_lab	1	0.2
1118.234	t_Dontcount_lab	1	0.2
1118.788	ntDontcount_lab	1	0.2
1119.364	t_Dontcount_lab	1	0.2
1119.918	ntDontcount_lab	1	0.2
1120.474	t_Dontcount_lab	1	0.2
1121.048	ntDontcount_lab	1	0.2
1121.604	ntDontcount_lab	1	0.2
1122.16	t_Dontcount_lab	1	0.2
1122.712	ntDontcount_lab	1	0.2
1123.268	ntDontcount_lab	1	0.2
1123.822	ntDontcount_lab	1	0.2
1124.378	t_Dontcount_lab	1	0.2
1124.932	t_Dontcount_lab	1	0.2
1125.488	t_Dontcount_lab	1	0.2
1126.062	ntDontcount_lab	1	0.2
1126.616	ntDontcount_lab	1	0.2
1127.192	ntDontcount_lab	1	0.2
1127.748	ntDontcount_lab	1	0.2
1128.302	ntDontcount_lab	1	0.2
1128.856	ntDontcount_lab	1	0.2
1129.412	t_Dontcount_lab	1	0.2
1129.966	ntDontcount_lab	1	0.2
1130.52	ntDontcount_lab	1	0.2
1131.076	ntDontcount_lab	1	0.2
1131.63	ntDontcount_lab	1	0.2
1132.184	ntDontcount_lab	1	0.2
1132.74	ntDontcount_lab	1	0.2
1133.294	ntDontcount_lab	1	0.2
1133.892	t_Dontcount_lab	1	0.2
1134.446	ntDontcount_lab	1	0.2
1135.022	ntDontcount_lab	1	0.2
1135.576	ntDontcount_lab	1	0.2
1136.132	t_Dontcount_lab	1	0.2
1136.708	t_Dontcount_lab	1	0.2
1137.262	ntDontcount_lab	1	0.2
1137.838	ntDontcount_lab	1	0.2
1138.414	ntDontcount_lab	1	0.2
1138.968	ntDontcount_lab	1	0.2
1139.524	ntDontcount_lab	1	0.2
1140.08	t_Dontcount_lab	1	0.2
1140.632	ntDontcount_lab	1	0.2
1141.188	ntDontcount_lab	1	0.2
1141.764	ntDontcount_lab	1	0.2
1142.318	ntDontcount_lab	1	0.2
1142.872	ntDontcount_lab	1	0.2
1143.428	ntDontcount_lab	1	0.2
1143.984	t_Dontcount_lab	1	0.2
1144.536	ntDontcount_lab	1	0.2
1145.092	ntDontcount_lab	1	0.2
1145.646	ntDontcount_lab	1	0.2
1146.222	ntDontcount_lab	1	0.2
1146.776	ntDontcount_lab	1	0.2
1147.332	ntDontcount_lab	1	0.2
1147.888	t_Dontcount_lab	1	0.2
1148.462	ntDontcount_lab	1	0.2
1149.018	t_Dontcount_lab	1	0.2
1149.572	ntDontcount_lab	1	0.2
1150.148	ntDontcount_lab	1	0.2
1150.702	ntDontcount_lab	1	0.2
1151.278	ntDontcount_lab	1	0.2
1151.832	ntDontcount_lab	1	0.2
1152.388	t_Dontcount_lab	1	0.2
1152.942	ntDontcount_lab	1	0.2
1153.498	t_Dontcount_lab	1	0.2
1154.074	t_Dontcount_lab	1	0.2
1154.628	ntDontcount_lab	1	0.2
1155.182	ntDontcount_lab	1	0.2
1155.736	ntDontcount_lab	1	0.2
1156.292	ntDontcount_lab	1	0.2
1156.848	t_Dontcount_lab	1	0.2
1157.402	t_Dontcount_lab	1	0.2
1157.956	ntDontcount_lab	1	0.2
1158.532	ntDontcount_lab	1	0.2
1159.086	ntDontcount_lab	1	0.2
1159.64	ntDontcount_lab	1	0.2
1160.196	ntDontcount_lab	1	0.2
1160.792	ntDontcount_lab	1	0.2
1161.348	ntDontcount_lab	1	0.2
1161.904	t_Dontcount_lab	1	0.2
1162.456	ntDontcount_lab	1	0.2
1163.012	t_Dontcount_lab	1	0.2
1163.566	ntDontcount_lab	1	0.2
1164.12	ntDontcount_lab	1	0.2
1164.676	t_Dontcount_lab	1	0.2
1165.232	t_Dontcount_lab	1	0.2
1165.786	t_Dontcount_lab	1	0.2
1166.34	ntDontcount_lab	1	0.2
1166.916	ntDontcount_lab	1	0.2
1167.47	ntDontcount_lab	1	0.2
1168.024	ntDontcount_lab	1	0.2
1168.58	t_Dontcount_lab	1	0.2
1169.134	ntDontcount_lab	1	0.2
1169.688	ntDontcount_lab	1	0.2
1170.244	ntDontcount_lab	1	0.2
1170.82	ntDontcount_lab	1	0.2
1171.374	ntDontcount_lab	1	0.2
1171.928	ntDontcount_lab	1	0.2
1172.484	ntDontcount_lab	1	0.2
1173.04	t_Dontcount_lab	1	0.2
1173.592	ntDontcount_lab	1	0.2
1174.148	ntDontcount_lab	1	0.2
1174.724	ntDontcount_lab	1	0.2
1175.278	ntDontcount_lab	1	0.2
1175.832	ntDontcount_lab	1	0.2
1176.388	ntDontcount_lab	1	0.2
1176.942	ntDontcount_lab	1	0.2
1177.498	t_Dontcount_lab	1	0.2
1178.052	ntDontcount_lab	1	0.2
1178.628	ntDontcount_lab	1	0.2
1179.182	ntDontcount_lab	1	0.2
1179.736	ntDontcount_lab	1	0.2
1180.292	ntDontcount_lab	1	0.2
1180.846	ntDontcount_lab	1	0.2
1181.4	ntDontcount_lab	1	0.2
1181.976	ntDontcount_lab	1	0.2
1182.532	ntDontcount_lab	1	0.2
1183.086	ntDontcount_lab	1	0.2
1183.662	ntDontcount_lab	1	0.2
1184.216	ntDontcount_lab	1	0.2
1184.772	ntDontcount_lab	1	0.2
1185.326	ntDontcount_lab	1	0.2
1185.88	ntDontcount_lab	1	0.2
1186.436	t_Dontcount_lab	1	0.2
1187.012	t_Dontcount_lab	1	0.2
1187.566	ntDontcount_lab	1	0.2
1188.142	ntDontcount_lab	1	0.2
1188.698	t_Dontcount_lab	1	0.2
1189.252	ntDontcount_lab	1	0.2
1189.806	ntDontcount_lab	1	0.2
1190.36	ntDontcount_lab	1	0.2
1190.916	ntDontcount_lab	1	0.2
1191.492	ntDontcount_lab	1	0.2
1192.046	ntDontcount_lab	1	0.2
1192.6	ntDontcount_lab	1	0.2
1193.156	ntDontcount_lab	1	0.2
1193.71	ntDontcount_lab	1	0.2
1194.264	ntDontcount_lab	1	0.2
1194.82	ntDontcount_lab	1	0.2
1195.396	ntDontcount_lab	1	0.2
1195.95	ntDontcount_lab	1	0.2
1196.504	ntDontcount_lab	1	0.2
1197.08	ntDontcount_lab	1	0.2
1197.636	t_Dontcount_lab	1	0.2
1198.212	ntDontcount_lab	1	0.2
1198.766	ntDontcount_lab	1	0.2
1199.342	ntDontcount_lab	1	0.2
1199.896	ntDontcount_lab	1	0.2
1200.452	ntDontcount_lab	1	0.2
1201.006	ntDontcount_lab	1	0.2
1201.582	ntDontcount_lab	1	0.2
1202.158	ntDontcount_lab	1	0.2
1202.734	ntDontcount_lab	1	0.2
1203.288	ntDontcount_lab	1	0.2
1203.844	ntDontcount_lab	1	0.2
1204.4	t_Dontcount_lab	1	0.2
1204.952	ntDontcount_lab	1	0.2
1205.508	ntDontcount_lab	1	0.2
1206.084	ntDontcount_lab	1	0.2
1206.638	ntDontcount_lab	1	0.2
1207.192	ntDontcount_lab	1	0.2
1207.748	ntDontcount_lab	1	0.2
1208.304	t_Dontcount_lab	1	0.2
1208.856	ntDontcount_lab	1	0.2
1209.412	ntDontcount_lab	1	0.2
1209.966	ntDontcount_lab	1	0.2
1210.544	t_Dontcount_lab	1	0.2
1211.12	t_Dontcount_lab	1	0.2
1211.672	ntDontcount_lab	1	0.2
1212.228	t_Dontcount_lab	1	0.2
1212.782	ntDontcount_lab	1	0.2
1213.336	ntDontcount_lab	1	0.2
1213.912	ntDontcount_lab	1	0.2
1214.468	ntDontcount_lab	1	0.2
1215.044	ntDontcount_lab	1	0.2
1215.598	ntDontcount_lab	1	0.2
1216.152	ntDontcount_lab	1	0.2
1216.708	ntDontcount_lab	1	0.2
1217.262	ntDontcount_lab	1	0.2
1217.818	t_Dontcount_lab	1	0.2
1218.394	t_Dontcount_lab	1	0.2
1218.968	ntDontcount_lab	1	0.2
1219.524	ntDontcount_lab	1	0.2
1220.122	t_Dontcount_lab	1	0.2
1220.676	t_Dontcount_lab	1	0.2
1221.23	ntDontcount_lab	1	0.2
1221.784	ntDontcount_lab	1	0.2
1222.34	ntDontcount_lab	1	0.2
1222.916	ntDontcount_lab	1	0.2
1223.492	t_Dontcount_lab	1	0.2
1224.048	t_Dontcount_lab	1	0.2
1224.602	t_Dontcount_lab	1	0.2
1225.156	t_Dontcount_lab	1	0.2
1225.71	ntDontcount_lab	1	0.2
1226.264	ntDontcount_lab	1	0.2
1226.84	ntDontcount_lab	1	0.2
1227.396	ntDontcount_lab	1	0.2
1227.972	ntDontcount_lab	1	0.2
1228.526	ntDontcount_lab	1	0.2
1229.104	t_Dontcount_lab	1	0.2
1229.656	ntDontcount_lab	1	0.2
1230.212	ntDontcount_lab	1	0.2
1230.788	ntDontcount_lab	1	0.2
1231.364	ntDontcount_lab	1	0.2
1231.918	ntDontcount_lab	1	0.2
1232.474	t_Dontcount_lab	1	0.2
1233.028	ntDontcount_lab	1	0.2
1233.604	ntDontcount_lab	1	0.2
1234.158	ntDontcount_lab	1	0.2
1234.712	ntDontcount_lab	1	0.2
1235.268	ntDontcount_lab	1	0.2
1235.844	ntDontcount_lab	1	0.2
1236.398	ntDontcount_lab	1	0.2
1236.952	ntDontcount_lab	1	0.2
1237.508	ntDontcount_lab	1	0.2
1238.062	ntDontcount_lab	1	0.2
1238.616	ntDontcount_lab	1	0.2
1239.172	ntDontcount_lab	1	0.2
1239.726	ntDontcount_lab	1	0.2
1240.28	ntDontcount_lab	1	0.2
1240.836	ntDontcount_lab	1	0.2
1241.412	ntDontcount_lab	1	0.2
1241.966	ntDontcount_lab	1	0.2
1242.52	ntDontcount_lab	1	0.2
1243.076	t_Dontcount_lab	1	0.2
1243.652	ntDontcount_lab	1	0.2
1244.228	t_Dontcount_lab	1	0.2
1244.782	ntDontcount_lab	1	0.2
1245.336	ntDontcount_lab	1	0.2
1245.892	ntDontcount_lab	1	0.2
1246.446	ntDontcount_lab	1	0.2
1247.022	ntDontcount_lab	1	0.2
1247.576	ntDontcount_lab	1	0.2
1248.152	ntDontcount_lab	1	0.2
1248.728	ntDontcount_lab	1	0.2
1249.284	t_Dontcount_lab	1	0.2
1249.838	ntDontcount_lab	1	0.2
1250.394	t_Dontcount_lab	1	0.2
1250.948	t_Dontcount_lab	1	0.2
1251.502	ntDontcount_lab	1	0.2
1252.078	ntDontcount_lab	1	0.2
1252.632	ntDontcount_lab	1	0.2
1253.188	ntDontcount_lab	1	0.2
1253.742	ntDontcount_lab	1	0.2
1254.296	ntDontcount_lab	1	0.2
1254.874	t_Dontcount_lab	1	0.2
1255.428	ntDontcount_lab	1	0.2
1256.004	ntDontcount_lab	1	0.2
1256.558	ntDontcount_lab	1	0.2
1257.114	t_Dontcount_lab	1	0.2
1257.668	ntDontcount_lab	1	0.2
1258.224	t_Dontcount_lab	1	0.2
1258.776	ntDontcount_lab	1	0.2
1259.354	t_Dontcount_lab	1	0.2
1259.93	t_Dontcount_lab	1	0.2
1260.484	t_Dontcount_lab	1	0.2
1261.038	ntDontcount_lab	1	0.2
1261.592	ntDontcount_lab	1	0.2
1262.148	t_Dontcount_lab	1	0.2
1262.704	t_Dontcount_lab	1	0.2
1263.278	ntDontcount_lab	1	0.2
1263.854	ntDontcount_lab	1	0.2
1264.452	ntDontcount_lab	1	0.2
1265.008	t_Dontcount_lab	1	0.2
1265.56	ntDontcount_lab	1	0.2
1266.116	ntDontcount_lab	1	0.2
1266.692	ntDontcount_lab	1	0.2
1267.268	ntDontcount_lab	1	0.2
1267.824	t_Dontcount_lab	1	0.2
1268.378	t_Dontcount_lab	1	0.2
1268.932	ntDontcount_lab	1	0.2
1272.928	ntcount_lab	1	0.2
1273.484	ntcount_lab	1	0.2
1274.038	ntcount_lab	1	0.2
1274.592	ntcount_lab	1	0.2
1275.168	ntcount_lab	1	0.2
1275.724	ntcount_lab	1	0.2
1276.28	t_count_lab	1	0.2
1276.834	t_count_lab	1	0.2
1277.388	ntcount_lab	1	0.2
1277.942	ntcount_lab	1	0.2
1278.496	ntcount_lab	1	0.2
1279.052	ntcount_lab	1	0.2
1279.628	ntcount_lab	1	0.2
1280.182	ntcount_lab	1	0.2
1280.736	ntcount_lab	1	0.2
1281.292	ntcount_lab	1	0.2
1281.846	ntcount_lab	1	0.2
1282.402	t_count_lab	1	0.2
1282.956	ntcount_lab	1	0.2
1283.532	t_count_lab	1	0.2
1284.088	t_count_lab	1	0.2
1284.642	t_count_lab	1	0.2
1285.196	t_count_lab	1	0.2
1285.75	ntcount_lab	1	0.2
1286.304	ntcount_lab	1	0.2
1286.86	t_count_lab	1	0.2
1287.436	ntcount_lab	1	0.2
1288.012	ntcount_lab	1	0.2
1288.568	t_count_lab	1	0.2
1289.122	t_count_lab	1	0.2
1290.23	ntcount_lab	1	0.2
1290.784	ntcount_lab	1	0.2
1291.34	ntcount_lab	1	0.2
1291.894	ntcount_lab	1	0.2
1292.45	t_count_lab	1	0.2
1293.024	ntcount_lab	1	0.2
1293.58	ntcount_lab	1	0.2
1294.134	ntcount_lab	1	0.2
1294.71	ntcount_lab	1	0.2
1295.286	ntcount_lab	1	0.2
1295.842	t_count_lab	1	0.2
1296.416	ntcount_lab	1	0.2
1296.972	ntcount_lab	1	0.2
1297.526	ntcount_lab	1	0.2
1298.08	ntcount_lab	1	0.2
1298.636	ntcount_lab	1	0.2
1299.19	ntcount_lab	1	0.2
1299.744	ntcount_lab	1	0.2
1300.3	t_count_lab	1	0.2
1300.856	t_count_lab	1	0.2
1301.41	ntcount_lab	1	0.2
1301.964	t_count_lab	1	0.2
1302.52	t_count_lab	1	0.2
1303.074	ntcount_lab	1	0.2
1303.628	ntcount_lab	1	0.2
1304.182	ntcount_lab	1	0.2
1304.736	ntcount_lab	1	0.2
1305.292	ntcount_lab	1	0.2
1305.846	ntcount_lab	1	0.2
1306.4	ntcount_lab	1	0.2
1306.956	ntcount_lab	1	0.2
1307.51	ntcount_lab	1	0.2
1308.064	ntcount_lab	1	0.2
1308.62	ntcount_lab	1	0.2
1309.75	ntcount_lab	1	0.2
1310.306	t_count_lab	1	0.2
1310.882	ntcount_lab	1	0.2
1311.456	ntcount_lab	1	0.2
1312.032	ntcount_lab	1	0.2
1312.61	t_count_lab	1	0.2
1313.164	ntcount_lab	1	0.2
1313.72	t_count_lab	1	0.2
1314.272	ntcount_lab	1	0.2
1314.85	t_count_lab	1	0.2
1315.404	ntcount_lab	1	0.2
1315.98	ntcount_lab	1	0.2
1316.534	ntcount_lab	1	0.2
1317.11	ntcount_lab	1	0.2
1317.664	ntcount_lab	1	0.2
1318.22	t_count_lab	1	0.2
1318.796	t_count_lab	1	0.2
1319.35	ntcount_lab	1	0.2
1319.904	ntcount_lab	1	0.2
1320.46	t_count_lab	1	0.2
1321.014	ntcount_lab	1	0.2
1321.57	ntcount_lab	1	0.2
1322.124	ntcount_lab	1	0.2
1322.678	ntcount_lab	1	0.2
1323.256	t_count_lab	1	0.2
1324.386	ntcount_lab	1	0.2
1324.94	ntcount_lab	1	0.2
1325.494	ntcount_lab	1	0.2
1326.07	ntcount_lab	1	0.2
1326.624	ntcount_lab	1	0.2
1327.2	ntcount_lab	1	0.2
1327.756	ntcount_lab	1	0.2
1328.332	t_count_lab	1	0.2
1328.886	ntcount_lab	1	0.2
1329.44	ntcount_lab	1	0.2
1329.996	ntcount_lab	1	0.2
1330.55	ntcount_lab	1	0.2
1331.126	ntcount_lab	1	0.2
1331.702	ntcount_lab	1	0.2
1332.258	ntcount_lab	1	0.2
1332.834	t_count_lab	1	0.2
1333.388	ntcount_lab	1	0.2
1333.942	ntcount_lab	1	0.2
1334.498	ntcount_lab	1	0.2
1335.052	ntcount_lab	1	0.2
1335.608	t_count_lab	1	0.2
1336.162	ntcount_lab	1	0.2
1336.716	ntcount_lab	1	0.2
1337.27	ntcount_lab	1	0.2
1337.826	ntcount_lab	1	0.2
1338.402	ntcount_lab	1	0.2
1338.978	ntcount_lab	1	0.2
1339.554	ntcount_lab	1	0.2
1340.15	ntcount_lab	1	0.2
1340.706	ntcount_lab	1	0.2
1341.26	ntcount_lab	1	0.2
1341.814	ntcount_lab	1	0.2
1342.392	t_count_lab	1	0.2
1342.946	t_count_lab	1	0.2
1343.522	ntcount_lab	1	0.2
1344.098	ntcount_lab	1	0.2
1344.652	ntcount_lab	1	0.2
1345.206	ntcount_lab	1	0.2
1345.762	ntcount_lab	1	0.2
1346.316	ntcount_lab	1	0.2
1346.872	t_count_lab	1	0.2
1347.426	ntcount_lab	1	0.2
1347.98	ntcount_lab	1	0.2
1348.556	ntcount_lab	1	0.2
1349.11	ntcount_lab	1	0.2
1349.666	ntcount_lab	1	0.2
1350.22	ntcount_lab	1	0.2
1350.776	t_count_lab	1	0.2
1351.33	t_count_lab	1	0.2
1351.884	ntcount_lab	1	0.2
1352.482	ntcount_lab	1	0.2
1353.036	t_count_lab	1	0.2
1354.146	ntcount_lab	1	0.2
1354.722	t_count_lab	1	0.2
1355.298	ntcount_lab	1	0.2
1355.874	ntcount_lab	1	0.2
1356.428	ntcount_lab	1	0.2
1360.422	t_count_lab	1	0.2
1361.02	t_count_lab	1	0.2
1362.15	ntcount_lab	1	0.2
1362.704	ntcount_lab	1	0.2
1363.28	t_count_lab	1	0.2
1363.834	ntcount_lab	1	0.2
1364.39	ntcount_lab	1	0.2
1364.944	ntcount_lab	1	0.2
1365.498	ntcount_lab	1	0.2
1366.054	ntcount_lab	1	0.2
1366.608	ntcount_lab	1	0.2
1367.184	ntcount_lab	1	0.2
1367.76	t_count_lab	1	0.2
1368.314	ntcount_lab	1	0.2
1368.89	ntcount_lab	1	0.2
1369.466	ntcount_lab	1	0.2
1370.022	ntcount_lab	1	0.2
1370.598	ntcount_lab	1	0.2
1371.174	ntcount_lab	1	0.2
1371.75	t_count_lab	1	0.2
1372.304	t_count_lab	1	0.2
1372.88	ntcount_lab	1	0.2
1373.434	ntcount_lab	1	0.2
1373.99	ntcount_lab	1	0.2
1375.098	ntcount_lab	1	0.2
1375.674	ntcount_lab	1	0.2
1376.23	t_count_lab	1	0.2
1376.784	ntcount_lab	1	0.2
1377.36	t_count_lab	1	0.2
1377.914	ntcount_lab	1	0.2
1378.47	ntcount_lab	1	0.2
1379.024	ntcount_lab	1	0.2
1379.6	ntcount_lab	1	0.2
1380.176	ntcount_lab	1	0.2
1380.73	ntcount_lab	1	0.2
1381.286	ntcount_lab	1	0.2
1381.84	ntcount_lab	1	0.2
1383.504	ntcount_lab	1	0.2
1384.08	ntcount_lab	1	0.2
1384.634	ntcount_lab	1	0.2
1385.21	ntcount_lab	1	0.2
1385.766	ntcount_lab	1	0.2
1386.342	ntcount_lab	1	0.2
1386.918	t_count_lab	1	0.2
1387.472	ntcount_lab	1	0.2
1388.026	ntcount_lab	1	0.2
1388.604	t_count_lab	1	0.2
1389.158	t_count_lab	1	0.2
1389.712	ntcount_lab	1	0.2
1390.266	ntcount_lab	1	0.2
1390.822	t_count_lab	1	0.2
1391.376	ntcount_lab	1	0.2
1391.93	ntcount_lab	1	0.2
1392.486	t_count_lab	1	0.2
1393.04	ntcount_lab	1	0.2
1393.594	ntcount_lab	1	0.2
1394.15	t_count_lab	1	0.2
1394.704	ntcount_lab	1	0.2
1395.258	ntcount_lab	1	0.2
1395.814	ntcount_lab	1	0.2
1396.39	ntcount_lab	1	0.2
1396.966	ntcount_lab	1	0.2
1397.52	ntcount_lab	1	0.2
1398.076	t_count_lab	1	0.2
1398.63	ntcount_lab	1	0.2
1399.206	ntcount_lab	1	0.2
1399.76	t_count_lab	1	0.2
1400.336	ntcount_lab	1	0.2
1400.912	ntcount_lab	1	0.2
1401.466	ntcount_lab	1	0.2
1402.022	t_count_lab	1	0.2
1402.576	ntcount_lab	1	0.2
1403.13	ntcount_lab	1	0.2
1403.686	t_count_lab	1	0.2
1404.24	ntcount_lab	1	0.2
1404.794	ntcount_lab	1	0.2
1405.372	t_count_lab	1	0.2
1405.926	ntcount_lab	1	0.2
1406.48	ntcount_lab	1	0.2
1407.036	t_count_lab	1	0.2
1407.59	ntcount_lab	1	0.2
1408.166	ntcount_lab	1	0.2
1408.72	ntcount_lab	1	0.2
1409.274	ntcount_lab	1	0.2
1409.83	ntcount_lab	1	0.2
1410.384	ntcount_lab	1	0.2
1410.938	ntcount_lab	1	0.2
1411.494	ntcount_lab	1	0.2
1412.048	t_count_lab	1	0.2
1413.18	t_count_lab	1	0.2
1413.754	ntcount_lab	1	0.2
1414.31	ntcount_lab	1	0.2
1414.864	ntcount_lab	1	0.2
1415.418	ntcount_lab	1	0.2
1415.974	ntcount_lab	1	0.2
1416.528	t_count_lab	1	0.2
1417.104	t_count_lab	1	0.2
1417.68	ntcount_lab	1	0.2
1418.256	ntcount_lab	1	0.2
1418.81	ntcount_lab	1	0.2
1419.366	ntcount_lab	1	0.2
1419.92	t_count_lab	1	0.2
1420.496	ntcount_lab	1	0.2
1421.052	t_count_lab	1	0.2
1421.626	ntcount_lab	1	0.2
1422.204	t_count_lab	1	0.2
1422.758	t_count_lab	1	0.2
1423.312	ntcount_lab	1	0.2
1423.866	ntcount_lab	1	0.2
1424.422	t_count_lab	1	0.2
1424.976	ntcount_lab	1	0.2
1425.552	ntcount_lab	1	0.2
1426.15	t_count_lab	1	0.2
1426.704	ntcount_lab	1	0.2
1427.28	t_count_lab	1	0.2
1427.836	t_count_lab	1	0.2
1428.412	t_count_lab	1	0.2
1428.966	t_count_lab	1	0.2
1429.52	ntcount_lab	1	0.2
1430.096	t_count_lab	1	0.2
1430.652	t_count_lab	1	0.2
1431.206	ntcount_lab	1	0.2
1431.76	ntcount_lab	1	0.2
1432.314	ntcount_lab	1	0.2
1432.87	ntcount_lab	1	0.2
1433.446	ntcount_lab	1	0.2
1434.022	t_count_lab	1	0.2
1434.576	ntcount_lab	1	0.2
1436.262	t_count_lab	1	0.2
1436.838	ntcount_lab	1	0.2
1437.414	t_count_lab	1	0.2
1437.99	ntcount_lab	1	0.2
1438.544	t_count_lab	1	0.2
1439.1	t_count_lab	1	0.2
1439.654	ntcount_lab	1	0.2
1440.23	ntcount_lab	1	0.2
1440.806	ntcount_lab	1	0.2
1441.382	ntcount_lab	1	0.2
1441.958	ntcount_lab	1	0.2
1442.512	ntcount_lab	1	0.2
1443.066	ntcount_lab	1	0.2
1452.816	t_count_lab	1	0.2
1453.392	ntcount_lab	1	0.2
1453.968	ntcount_lab	1	0.2
1454.544	ntcount_lab	1	0.2
1455.098	ntcount_lab	1	0.2
1455.654	ntcount_lab	1	0.2
1456.208	ntcount_lab	1	0.2
1456.762	ntcount_lab	1	0.2
1457.318	ntcount_lab	1	0.2
1457.894	t_count_lab	1	0.2
1458.47	ntcount_lab	1	0.2
1459.024	t_count_lab	1	0.2
1459.58	t_count_lab	1	0.2
1460.154	ntcount_lab	1	0.2
1460.732	t_count_lab	1	0.2
1461.286	ntcount_lab	1	0.2
1461.84	ntcount_lab	1	0.2
1462.416	ntcount_lab	1	0.2
1462.972	t_count_lab	1	0.2
1463.526	ntcount_lab	1	0.2
1464.08	t_count_lab	1	0.2
1464.634	ntcount_lab	1	0.2
1465.19	t_count_lab	1	0.2
1465.766	ntcount_lab	1	0.2
1466.32	t_count_lab	1	0.2
1466.874	ntcount_lab	1	0.2
1467.43	ntcount_lab	1	0.2
1467.984	ntcount_lab	1	0.2
1468.538	ntcount_lab	1	0.2
1469.094	ntcount_lab	1	0.2
1469.67	ntcount_lab	1	0.2
1470.224	ntcount_lab	1	0.2
1470.8	ntcount_lab	1	0.2
1471.354	ntcount_lab	1	0.2
1471.91	t_count_lab	1	0.2
1472.464	t_count_lab	1	0.2
1473.018	ntcount_lab	1	0.2
1473.594	ntcount_lab	1	0.2
1474.15	t_count_lab	1	0.2
1474.704	ntcount_lab	1	0.2
1475.258	ntcount_lab	1	0.2
1475.814	ntcount_lab	1	0.2
1476.368	ntcount_lab	1	0.2
1476.924	t_count_lab	1	0.2
1477.478	ntcount_lab	1	0.2
1478.032	t_count_lab	1	0.2
1478.586	ntcount_lab	1	0.2
1479.142	ntcount_lab	1	0.2
1479.696	t_count_lab	1	0.2
1480.25	ntcount_lab	1	0.2
1480.806	ntcount_lab	1	0.2
1481.36	ntcount_lab	1	0.2
1481.916	t_count_lab	1	0.2
1482.47	ntcount_lab	1	0.2
1483.024	ntcount_lab	1	0.2
1483.578	ntcount_lab	1	0.2
1484.134	ntcount_lab	1	0.2
1484.688	ntcount_lab	1	0.2
1485.264	t_count_lab	1	0.2
1485.84	ntcount_lab	1	0.2
1486.438	ntcount_lab	1	0.2
1486.992	t_count_lab	1	0.2
1487.546	ntcount_lab	1	0.2
1488.102	ntcount_lab	1	0.2
1488.678	t_count_lab	1	0.2
1489.254	t_count_lab	1	0.2
1489.808	ntcount_lab	1	0.2
1490.362	ntcount_lab	1	0.2
1490.918	ntcount_lab	1	0.2
1491.472	ntcount_lab	1	0.2
1492.028	t_count_lab	1	0.2
1492.582	t_count_lab	1	0.2
1493.136	ntcount_lab	1	0.2
1493.712	ntcount_lab	1	0.2
1494.288	ntcount_lab	1	0.2
1494.844	t_count_lab	1	0.2
1495.398	ntcount_lab	1	0.2
1495.952	ntcount_lab	1	0.2
1496.506	ntcount_lab	1	0.2
1497.062	ntcount_lab	1	0.2
1497.638	ntcount_lab	1	0.2
1498.192	ntcount_lab	1	0.2
1498.768	ntcount_lab	1	0.2
1499.322	ntcount_lab	1	0.2
1499.878	ntcount_lab	1	0.2
1500.432	ntcount_lab	1	0.2
1500.986	ntcount_lab	1	0.2
1501.562	ntcount_lab	1	0.2
1502.118	ntcount_lab	1	0.2
1502.694	ntcount_lab	1	0.2
1503.248	ntcount_lab	1	0.2
1503.802	ntcount_lab	1	0.2
1504.358	t_count_lab	1	0.2
1504.912	ntcount_lab	1	0.2
1505.466	ntcount_lab	1	0.2
1506.022	ntcount_lab	1	0.2
1506.576	ntcount_lab	1	0.2
1507.152	ntcount_lab	1	0.2
1507.706	ntcount_lab	1	0.2
1508.262	t_count_lab	1	0.2
1508.838	t_count_lab	1	0.2
1509.392	t_count_lab	1	0.2
1509.968	ntcount_lab	1	0.2
1510.522	ntcount_lab	1	0.2
1511.098	ntcount_lab	1	0.2
1511.654	ntcount_lab	1	0.2
1512.23	t_count_lab	1	0.2
1512.784	ntcount_lab	1	0.2
1513.338	ntcount_lab	1	0.2
1513.894	ntcount_lab	1	0.2
1514.448	t_count_lab	1	0.2
1515.024	ntcount_lab	1	0.2
1515.578	ntcount_lab	1	0.2
1516.134	ntcount_lab	1	0.2
1516.688	ntcount_lab	1	0.2
1517.242	ntcount_lab	1	0.2
1517.818	ntcount_lab	1	0.2
1518.374	ntcount_lab	1	0.2
1518.95	ntcount_lab	1	0.2
1519.526	ntcount_lab	1	0.2
1520.08	ntcount_lab	1	0.2
1520.634	ntcount_lab	1	0.2
1521.19	ntcount_lab	1	0.2
1521.744	ntcount_lab	1	0.2
1522.3	t_count_lab	1	0.2
1522.876	t_count_lab	1	0.2
1523.45	ntcount_lab	1	0.2
1524.006	t_count_lab	1	0.2
1524.56	ntcount_lab	1	0.2
1525.136	ntcount_lab	1	0.2
1525.69	ntcount_lab	1	0.2
1526.246	ntcount_lab	1	0.2
1526.8	ntcount_lab	1	0.2
1527.354	ntcount_lab	1	0.2
1527.91	t_count_lab	1	0.2
1528.464	ntcount_lab	1	0.2
1529.018	ntcount_lab	1	0.2
1529.574	ntcount_lab	1	0.2
1530.15	ntcount_lab	1	0.2
1530.726	ntcount_lab	1	0.2
1531.28	ntcount_lab	1	0.2
1531.856	ntcount_lab	1	0.2
1532.41	ntcount_lab	1	0.2
1532.966	ntcount_lab	1	0.2
1533.52	ntcount_lab	1	0.2
1534.096	ntcount_lab	1	0.2
1534.65	ntcount_lab	1	0.2
1535.206	ntcount_lab	1	0.2
1543.568	ntcount_lab	1	0.2
1544.144	ntcount_lab	1	0.2
1544.72	ntcount_lab	1	0.2
1545.83	ntcount_lab	1	0.2
1546.384	ntcount_lab	1	0.2
1546.938	ntcount_lab	1	0.2
1547.514	ntcount_lab	1	0.2
1548.07	ntcount_lab	1	0.2
1548.624	ntcount_lab	1	0.2
1549.18	t_count_lab	1	0.2
1549.734	ntcount_lab	1	0.2
1550.288	ntcount_lab	1	0.2
1550.842	ntcount_lab	1	0.2
1551.418	ntcount_lab	1	0.2
1551.974	ntcount_lab	1	0.2
1552.55	ntcount_lab	1	0.2
1553.104	ntcount_lab	1	0.2
1553.658	ntcount_lab	1	0.2
1554.234	ntcount_lab	1	0.2
1554.79	ntcount_lab	1	0.2
1555.366	ntcount_lab	1	0.2
1555.92	ntcount_lab	1	0.2
1556.474	ntcount_lab	1	0.2
1557.03	ntcount_lab	1	0.2
1557.584	ntcount_lab	1	0.2
1558.16	ntcount_lab	1	0.2
1558.714	ntcount_lab	1	0.2
1559.29	ntcount_lab	1	0.2
1559.846	ntcount_lab	1	0.2
1560.402	t_count_lab	1	0.2
1560.956	t_count_lab	1	0.2
1561.51	t_count_lab	1	0.2
1562.066	t_count_lab	1	0.2
1562.64	ntcount_lab	1	0.2
1563.194	ntcount_lab	1	0.2
1563.77	ntcount_lab	1	0.2
1564.326	ntcount_lab	1	0.2
1564.88	ntcount_lab	1	0.2
1565.434	ntcount_lab	1	0.2
1565.99	ntcount_lab	1	0.2
1566.544	ntcount_lab	1	0.2
1567.098	ntcount_lab	1	0.2
1567.674	ntcount_lab	1	0.2
1568.272	ntcount_lab	1	0.2
1568.826	ntcount_lab	1	0.2
1569.382	ntcount_lab	1	0.2
1569.936	t_count_lab	1	0.2
1570.492	t_count_lab	1	0.2
1571.066	ntcount_lab	1	0.2
1571.622	ntcount_lab	1	0.2
1572.198	t_count_lab	1	0.2
1572.752	ntcount_lab	1	0.2
1573.328	ntcount_lab	1	0.2
1573.882	ntcount_lab	1	0.2
1574.438	ntcount_lab	1	0.2
1575.014	t_count_lab	1	0.2
1575.59	ntcount_lab	1	0.2
1576.144	ntcount_lab	1	0.2
1576.698	ntcount_lab	1	0.2
1577.254	t_count_lab	1	0.2
1577.808	ntcount_lab	1	0.2
1578.362	ntcount_lab	1	0.2
1578.918	ntcount_lab	1	0.2
1579.472	ntcount_lab	1	0.2
1580.028	t_count_lab	1	0.2
1580.582	ntcount_lab	1	0.2
1581.136	ntcount_lab	1	0.2
1581.69	ntcount_lab	1	0.2
1582.246	ntcount_lab	1	0.2
1582.8	ntcount_lab	1	0.2
1583.354	ntcount_lab	1	0.2
1583.93	ntcount_lab	1	0.2
1584.486	t_count_lab	1	0.2
1585.04	ntcount_lab	1	0.2
1585.594	ntcount_lab	1	0.2
1586.15	ntcount_lab	1	0.2
1586.726	ntcount_lab	1	0.2
1587.28	ntcount_lab	1	0.2
1587.856	ntcount_lab	1	0.2
1588.412	t_count_lab	1	0.2
1588.966	ntcount_lab	1	0.2
1589.52	ntcount_lab	1	0.2
1590.074	ntcount_lab	1	0.2
1590.63	ntcount_lab	1	0.2
1591.206	ntcount_lab	1	0.2
1591.782	t_count_lab	1	0.2
1592.336	ntcount_lab	1	0.2
1592.89	ntcount_lab	1	0.2
1593.446	ntcount_lab	1	0.2
1594	ntcount_lab	1	0.2
1594.576	ntcount_lab	1	0.2
1595.13	ntcount_lab	1	0.2
1595.706	ntcount_lab	1	0.2
1596.262	ntcount_lab	1	0.2
1596.818	t_count_lab	1	0.2
1597.37	ntcount_lab	1	0.2
1597.926	t_count_lab	1	0.2
1598.48	ntcount_lab	1	0.2
1599.056	ntcount_lab	1	0.2
1599.632	ntcount_lab	1	0.2
1600.186	ntcount_lab	1	0.2
1600.742	ntcount_lab	1	0.2
1601.318	ntcount_lab	1	0.2
1601.872	ntcount_lab	1	0.2
1602.426	ntcount_lab	1	0.2
1602.982	ntcount_lab	1	0.2
1603.558	ntcount_lab	1	0.2
1604.112	ntcount_lab	1	0.2
1604.688	ntcount_lab	1	0.2
1605.242	ntcount_lab	1	0.2
1605.818	ntcount_lab	1	0.2
1606.374	ntcount_lab	1	0.2
1606.928	ntcount_lab	1	0.2
1607.504	ntcount_lab	1	0.2
1608.08	ntcount_lab	1	0.2
1608.634	ntcount_lab	1	0.2
1609.19	ntcount_lab	1	0.2
1609.744	ntcount_lab	1	0.2
1610.298	ntcount_lab	1	0.2
1610.854	t_count_lab	1	0.2
1611.43	ntcount_lab	1	0.2
1611.984	ntcount_lab	1	0.2
1612.56	ntcount_lab	1	0.2
1613.116	t_count_lab	1	0.2
1613.67	ntcount_lab	1	0.2
1614.224	ntcount_lab	1	0.2
1614.8	ntcount_lab	1	0.2
1615.376	ntcount_lab	1	0.2
1615.952	ntcount_lab	1	0.2
1616.506	ntcount_lab	1	0.2
1617.062	ntcount_lab	1	0.2
1617.618	t_count_lab	1	0.2
1618.17	ntcount_lab	1	0.2
1618.726	ntcount_lab	1	0.2
1619.282	t_count_lab	1	0.2
1619.834	ntcount_lab	1	0.2
1620.41	ntcount_lab	1	0.2
1620.966	ntcount_lab	1	0.2
1621.522	t_count_lab	1	0.2
1622.096	ntcount_lab	1	0.2
1622.65	ntcount_lab	1	0.2
1623.206	ntcount_lab	1	0.2
1623.76	ntcount_lab	1	0.2
1624.314	ntcount_lab	1	0.2
1624.87	ntcount_lab	1	0.2
1625.426	t_count_lab	1	0.2
1625.978	ntcount_lab	1	0.2
1632.038	t_count_lab	1	0.2
1632.614	ntcount_lab	1	0.2
1633.19	ntcount_lab	1	0.2
1633.744	ntcount_lab	1	0.2
1634.298	ntcount_lab	1	0.2
1634.854	t_count_lab	1	0.2
1635.408	ntcount_lab	1	0.2
1635.984	ntcount_lab	1	0.2
1636.538	ntcount_lab	1	0.2
1637.094	ntcount_lab	1	0.2
1637.648	ntcount_lab	1	0.2
1638.202	ntcount_lab	1	0.2
1638.758	ntcount_lab	1	0.2
1639.314	t_count_lab	1	0.2
1639.868	t_count_lab	1	0.2
1640.444	t_count_lab	1	0.2
1641.018	ntcount_lab	1	0.2
1641.574	ntcount_lab	1	0.2
1642.128	ntcount_lab	1	0.2
1642.704	ntcount_lab	1	0.2
1643.258	ntcount_lab	1	0.2
1643.814	ntcount_lab	1	0.2
1644.39	ntcount_lab	1	0.2
1644.966	t_count_lab	1	0.2
1645.52	ntcount_lab	1	0.2
1646.074	ntcount_lab	1	0.2
1646.63	ntcount_lab	1	0.2
1647.184	ntcount_lab	1	0.2
1647.74	t_count_lab	1	0.2
1648.314	ntcount_lab	1	0.2
1648.87	ntcount_lab	1	0.2
1649.424	ntcount_lab	1	0.2
1649.978	ntcount_lab	1	0.2
1650.534	ntcount_lab	1	0.2
1651.09	t_count_lab	1	0.2
1651.642	ntcount_lab	1	0.2
1652.218	ntcount_lab	1	0.2
1652.774	ntcount_lab	1	0.2
1653.35	ntcount_lab	1	0.2
1653.904	ntcount_lab	1	0.2
1654.458	ntcount_lab	1	0.2
1655.014	ntcount_lab	1	0.2
1655.59	ntcount_lab	1	0.2
1656.166	ntcount_lab	1	0.2
1656.742	ntcount_lab	1	0.2
1657.296	ntcount_lab	1	0.2
1657.85	ntcount_lab	1	0.2
1658.406	ntcount_lab	1	0.2
1658.962	t_count_lab	1	0.2
1659.514	ntcount_lab	1	0.2
1660.09	ntcount_lab	1	0.2
1660.646	t_count_lab	1	0.2
1661.202	t_count_lab	1	0.2
1661.754	ntcount_lab	1	0.2
1662.31	ntcount_lab	1	0.2
1662.864	ntcount_lab	1	0.2
1663.42	t_count_lab	1	0.2
1663.974	ntcount_lab	1	0.2
1664.55	t_count_lab	1	0.2
1665.126	ntcount_lab	1	0.2
1665.68	ntcount_lab	1	0.2
1666.234	ntcount_lab	1	0.2
1666.79	t_count_lab	1	0.2
1667.344	ntcount_lab	1	0.2
1667.92	ntcount_lab	1	0.2
1668.474	ntcount_lab	1	0.2
1669.03	ntcount_lab	1	0.2
1669.584	ntcount_lab	1	0.2
1670.138	ntcount_lab	1	0.2
1670.694	ntcount_lab	1	0.2
1671.248	ntcount_lab	1	0.2
1671.804	t_count_lab	1	0.2
1672.358	ntcount_lab	1	0.2
1672.934	t_count_lab	1	0.2
1673.51	ntcount_lab	1	0.2
1674.064	ntcount_lab	1	0.2
1674.62	t_count_lab	1	0.2
1675.174	ntcount_lab	1	0.2
1675.728	ntcount_lab	1	0.2
1676.282	ntcount_lab	1	0.2
1676.858	ntcount_lab	1	0.2
1677.414	t_count_lab	1	0.2
1677.99	ntcount_lab	1	0.2
1678.544	ntcount_lab	1	0.2
1679.12	ntcount_lab	1	0.2
1679.676	t_count_lab	1	0.2
1680.23	ntcount_lab	1	0.2
1680.806	ntcount_lab	1	0.2
1681.382	ntcount_lab	1	0.2
1681.938	t_count_lab	1	0.2
1682.49	ntcount_lab	1	0.2
1683.046	ntcount_lab	1	0.2
1683.6	ntcount_lab	1	0.2
1684.154	ntcount_lab	1	0.2
1684.73	ntcount_lab	1	0.2
1685.306	ntcount_lab	1	0.2
1685.862	ntcount_lab	1	0.2
1687.568	ntcount_lab	1	0.2
1688.124	t_count_lab	1	0.2
1688.678	t_count_lab	1	0.2
1689.254	ntcount_lab	1	0.2
1689.83	ntcount_lab	1	0.2
1690.384	ntcount_lab	1	0.2
1690.938	ntcount_lab	1	0.2
1691.494	ntcount_lab	1	0.2
1692.07	ntcount_lab	1	0.2
1692.624	ntcount_lab	1	0.2
1693.202	t_count_lab	1	0.2
1693.754	ntcount_lab	1	0.2
1694.31	ntcount_lab	1	0.2
1694.866	t_count_lab	1	0.2
1695.44	ntcount_lab	1	0.2
1696.016	ntcount_lab	1	0.2
1696.592	ntcount_lab	1	0.2
1697.168	ntcount_lab	1	0.2
1697.724	t_count_lab	1	0.2
1698.278	ntcount_lab	1	0.2
1698.832	ntcount_lab	1	0.2
1699.386	ntcount_lab	1	0.2
1699.942	ntcount_lab	1	0.2
1700.518	t_count_lab	1	0.2
1701.072	ntcount_lab	1	0.2
1701.65	t_count_lab	1	0.2
1702.226	t_count_lab	1	0.2
1702.778	ntcount_lab	1	0.2
1703.334	ntcount_lab	1	0.2
1703.888	ntcount_lab	1	0.2
1704.442	ntcount_lab	1	0.2
1704.998	ntcount_lab	1	0.2
1705.574	t_count_lab	1	0.2
1706.128	ntcount_lab	1	0.2
1706.682	ntcount_lab	1	0.2
1707.26	t_count_lab	1	0.2
1707.814	ntcount_lab	1	0.2
1708.37	t_count_lab	1	0.2
1708.922	ntcount_lab	1	0.2
1709.498	ntcount_lab	1	0.2
1710.054	ntcount_lab	1	0.2
1710.63	t_count_lab	1	0.2
1711.184	ntcount_lab	1	0.2
1711.76	ntcount_lab	1	0.2
1712.314	ntcount_lab	1	0.2
1712.87	ntcount_lab	1	0.2
1713.446	ntcount_lab	1	0.2
1714.022	ntcount_lab	1	0.2
1714.578	t_count_lab	1	0.2
1715.13	ntcount_lab	1	0.2
1715.686	ntcount_lab	1	0.2
1721.366	ntcount_oval	1	0.2
1723.03	ntcount_oval	1	0.2
1724.182	ntcount_oval	1	0.2
1724.738	ntcount_oval	1	0.2
1725.292	ntcount_oval	1	0.2
1725.846	ntcount_oval	1	0.2
1726.402	ntcount_oval	1	0.2
1733.676	ntcount_oval	1	0.2
1734.23	ntcount_oval	1	0.2
1734.786	ntcount_oval	1	0.2
1735.896	t_count_oval	1	0.2
1736.45	ntcount_oval	1	0.2
1737.026	ntcount_oval	1	0.2
1739.266	t_count_oval	1	0.2
1739.842	t_count_oval	1	0.2
1746.006	ntcount_oval	1	0.2
1746.562	ntcount_oval	1	0.2
1747.116	ntcount_oval	1	0.2
1747.694	t_count_oval	1	0.2
1749.398	ntcount_oval	1	0.2
1751.618	ntcount_oval	1	0.2
1752.172	ntcount_oval	1	0.2
1752.75	t_count_oval	1	0.2
1753.302	ntcount_oval	1	0.2
1753.858	ntcount_oval	1	0.2
1754.412	ntcount_oval	1	0.2
1754.988	ntcount_oval	1	0.2
1756.098	ntcount_oval	1	0.2
1756.674	ntcount_oval	1	0.2
1760.002	ntcount_oval	1	0.2
1760.556	ntcount_oval	1	0.2
1762.262	ntcount_oval	1	0.2
1762.818	ntcount_oval	1	0.2
1766.188	ntcount_oval	1	0.2
1767.298	t_count_oval	1	0.2
1767.852	ntcount_oval	1	0.2
1771.778	ntcount_oval	1	0.2
1773.442	ntcount_oval	1	0.2
1774.018	ntcount_oval	1	0.2
1779.052	ntcount_oval	1	0.2
1780.162	t_count_oval	1	0.2
1780.738	ntcount_oval	1	0.2
1783.532	ntcount_oval	1	0.2
1784.11	t_count_oval	1	0.2
1784.662	ntcount_oval	1	0.2
1785.238	ntcount_oval	1	0.2
1788.014	t_count_oval	1	0.2
1788.588	ntcount_oval	1	0.2
1790.274	ntcount_oval	1	0.2
1791.382	ntcount_oval	1	0.2
1791.938	ntcount_oval	1	0.2
1792.514	ntcount_oval	1	0.2
1793.09	t_count_oval	1	0.2
1798.146	t_count_oval	1	0.2
1800.386	ntcount_oval	1	0.2
1801.516	ntcount_oval	1	0.2
1802.646	ntcount_oval	1	0.2
1811.522	ntcount_oval	1	0.2
1814.894	t_count_oval	1	0.2
1815.468	ntcount_oval	1	0.2
1816.024	t_count_oval	1	0.2
1816.578	ntcount_oval	1	0.2
1819.926	ntcount_oval	1	0.2
1821.634	ntcount_oval	1	0.2
1822.188	ntcount_oval	1	0.2
1822.742	ntcount_oval	1	0.2
1826.134	ntcount_oval	1	0.2
1827.244	ntcount_oval	1	0.2
1827.798	ntcount_oval	1	0.2
1831.126	ntcount_oval	1	0.2
1832.238	t_count_oval	1	0.2
1833.346	ntcount_oval	1	0.2
1835.03	ntcount_oval	1	0.2
1835.586	ntcount_oval	1	0.2
1836.142	t_count_oval	1	0.2
1839.51	ntcount_oval	1	0.2
1841.772	ntcount_oval	1	0.2
1842.348	ntcount_oval	1	0.2
1842.902	ntcount_oval	1	0.2
1843.458	t_count_oval	1	0.2
1844.012	ntcount_oval	1	0.2
1844.566	ntcount_oval	1	0.2
1845.122	ntcount_oval	1	0.2
1845.698	ntcount_oval	1	0.2
1846.252	ntcount_oval	1	0.2
1846.806	ntcount_oval	1	0.2
1847.362	ntcount_oval	1	0.2
1847.916	ntcount_oval	1	0.2
1849.624	t_count_oval	1	0.2
1850.732	ntcount_oval	1	0.2
1851.842	ntcount_oval	1	0.2
1854.126	t_count_oval	1	0.2
1855.788	ntcount_oval	1	0.2
1856.342	ntcount_oval	1	0.2
1856.898	ntcount_oval	1	0.2
1857.474	ntcount_oval	1	0.2
1859.202	ntcount_oval	1	0.2
1859.778	ntcount_oval	1	0.2
1860.334	t_count_oval	1	0.2
1860.886	ntcount_oval	1	0.2
1861.442	ntcount_oval	1	0.2
1862.572	ntcount_oval	1	0.2
1864.236	ntcount_oval	1	0.2
1868.738	t_count_oval	1	0.2
1870.444	ntcount_oval	1	0.2
1870.998	ntcount_oval	1	0.2
1872.108	ntcount_oval	1	0.2
1873.218	ntcount_oval	1	0.2
1874.348	ntcount_oval	1	0.2
1877.122	ntcount_oval	1	0.2
1878.806	ntcount_oval	1	0.2
1879.362	t_count_oval	1	0.2
1879.938	ntcount_oval	1	0.2
1880.492	ntcount_oval	1	0.2
1881.07	t_count_oval	1	0.2
1881.624	t_count_oval	1	0.2
1882.732	ntcount_oval	1	0.2
1884.396	ntcount_oval	1	0.2
1884.95	ntcount_oval	1	0.2
1885.526	ntcount_oval	1	0.2
1891.714	ntcount_oval	1	0.2
1892.268	ntcount_oval	1	0.2
1892.844	ntcount_oval	1	0.2
1893.422	t_count_oval	1	0.2
1893.996	ntcount_oval	1	0.2
1895.106	ntcount_oval	1	0.2
1900.716	ntcount_oval	1	0.2
1902.444	ntcount_oval	1	0.2
1905.218	ntcount_oval	1	0.2
1905.772	ntcount_oval	1	0.2
1906.326	ntcount_oval	1	0.2
1909.142	ntcount_oval	1	0.2
1909.72	t_count_oval	1	0.2
1910.274	ntcount_oval	1	0.2
1910.85	ntcount_oval	1	0.2
1913.708	ntcount_oval	1	0.2
1914.262	ntcount_oval	1	0.2
1915.926	ntcount_oval	1	0.2
1916.482	ntcount_oval	1	0.2
1917.036	ntcount_oval	1	0.2
1920.408	t_count_oval	1	0.2
1920.962	ntcount_oval	1	0.2
1924.376	t_count_oval	1	0.2
1924.93	ntcount_oval	1	0.2
1927.19	ntcount_oval	1	0.2
1927.746	ntcount_oval	1	0.2
1928.3	ntcount_oval	1	0.2
1929.964	ntcount_oval	1	0.2
1932.226	ntcount_oval	1	0.2
1936.172	ntcount_oval	1	0.2
1939.542	ntcount_oval	1	0.2
1941.806	t_count_oval	1	0.2
1942.358	ntcount_oval	1	0.2
1942.914	ntcount_oval	1	0.2
1943.468	ntcount_oval	1	0.2
1944.022	ntcount_oval	1	0.2
1944.578	ntcount_oval	1	0.2
1946.242	t_count_oval	1	0.2
1946.818	ntcount_oval	1	0.2
1947.948	ntcount_oval	1	0.2
1948.502	ntcount_oval	1	0.2
1950.168	t_count_oval	1	0.2
1952.982	ntcount_oval	1	0.2
1956.354	ntcount_oval	1	0.2
1956.908	ntcount_oval	1	0.2
1957.462	ntcount_oval	1	0.2
1959.148	ntcount_oval	1	0.2
1960.258	ntcount_oval	1	0.2
1961.942	ntcount_oval	1	0.2
1963.606	ntcount_oval	1	0.2
1964.716	ntcount_oval	1	0.2
1965.272	t_count_oval	1	0.2
1965.826	ntcount_oval	1	0.2
1966.38	ntcount_oval	1	0.2
1966.956	ntcount_oval	1	0.2
1967.51	ntcount_oval	1	0.2
1968.086	ntcount_oval	1	0.2
1969.218	t_count_oval	1	0.2
1970.326	ntcount_oval	1	0.2
1970.882	ntcount_oval	1	0.2
1971.458	ntcount_oval	1	0.2
1973.142	ntcount_oval	1	0.2
1976.534	ntcount_oval	1	0.2
1977.09	ntcount_oval	1	0.2
1977.644	ntcount_oval	1	0.2
1980.46	ntcount_oval	1	0.2
1981.036	ntcount_oval	1	0.2
1981.59	ntcount_oval	1	0.2
1983.254	ntcount_oval	1	0.2
1984.408	ntcount_oval	1	0.2
1990.36	ntcount_oval	1	0.2
1990.936	ntcount_oval	1	0.2
1992.044	ntcount_oval	1	0.2
1992.6	ntcount_oval	1	0.2
1993.708	ntcount_oval	1	0.2
1996.546	ntcount_oval	1	0.2
1997.1	ntcount_oval	1	0.2
1997.654	ntcount_oval	1	0.2
1998.21	ntcount_oval	1	0.2
1998.764	ntcount_oval	1	0.2
1999.318	ntcount_oval	1	0.2
1999.874	ntcount_oval	1	0.2
2000.45	t_count_oval	1	0.2
2001.58	ntcount_oval	1	0.2
2002.158	t_count_oval	1	0.2
2002.71	ntcount_oval	1	0.2
2003.842	t_count_oval	1	0.2
2004.396	ntcount_oval	1	0.2
2005.08	ntcount_oval	1	0.2
2005.634	t_count_oval	1	0.2
2006.21	ntcount_oval	1	0.2
2006.786	ntcount_oval	1	0.2
2007.34	ntcount_oval	1	0.2
2008.514	t_count_oval	1	0.2
2009.068	ntcount_oval	1	0.2
2009.624	ntcount_oval	1	0.2
2010.178	ntcount_oval	1	0.2
2010.732	ntcount_oval	1	0.2
2011.308	ntcount_oval	1	0.2
2012.44	ntcount_oval	1	0.2
2013.55	t_count_oval	1	0.2
2014.658	ntcount_oval	1	0.2
2019.736	t_count_oval	1	0.2
2020.866	t_count_oval	1	0.2
2021.976	ntcount_oval	1	0.2
2023.106	t_count_oval	1	0.2
2023.66	ntcount_oval	1	0.2
2024.236	ntcount_oval	1	0.2
2027.586	ntcount_oval	1	0.2
2028.14	ntcount_oval	1	0.2
2028.716	ntcount_oval	1	0.2
2029.292	ntcount_oval	1	0.2
2029.848	ntcount_oval	1	0.2
2031.512	ntcount_oval	1	0.2
2032.066	ntcount_oval	1	0.2
2032.642	ntcount_oval	1	0.2
2033.196	ntcount_oval	1	0.2
2033.752	ntcount_oval	1	0.2
2034.306	ntcount_oval	1	0.2
2034.86	ntcount_oval	1	0.2
2035.416	ntcount_oval	1	0.2
2036.568	ntcount_oval	1	0.2
2037.122	ntcount_oval	1	0.2
2039.34	ntcount_oval	1	0.2
2039.896	ntcount_oval	1	0.2
2040.472	ntcount_oval	1	0.2
2041.026	ntcount_oval	1	0.2
2042.136	ntcount_oval	1	0.2
2044.952	ntcount_oval	1	0.2
2045.528	t_count_oval	1	0.2
2047.788	ntcount_oval	1	0.2
2048.364	ntcount_oval	1	0.2
2048.92	ntcount_oval	1	0.2
2050.03	t_count_oval	1	0.2
2050.584	ntcount_oval	1	0.2
2051.692	ntcount_oval	1	0.2
2052.248	ntcount_oval	1	0.2
2052.824	ntcount_oval	1	0.2
2053.378	ntcount_oval	1	0.2
2053.934	t_count_oval	1	0.2
2056.77	t_count_oval	1	0.2
2057.346	t_count_oval	1	0.2
2057.9	ntcount_oval	1	0.2
2059.566	t_count_oval	1	0.2
2060.716	ntcount_oval	1	0.2
2062.402	t_count_oval	1	0.2
2062.978	ntcount_oval	1	0.2
2063.532	ntcount_oval	1	0.2
2064.108	ntcount_oval	1	0.2
2064.684	ntcount_oval	1	0.2
2065.26	ntcount_oval	1	0.2
2066.946	t_count_oval	1	0.2
2068.056	ntcount_oval	1	0.2
2069.74	ntcount_oval	1	0.2
2070.316	ntcount_oval	1	0.2
2071.426	ntcount_oval	1	0.2
2072.002	ntcount_oval	1	0.2
2072.556	ntcount_oval	1	0.2
2073.132	ntcount_oval	1	0.2
2078.252	ntcount_oval	1	0.2
2079.384	ntcount_oval	1	0.2
2079.938	ntcount_oval	1	0.2
2080.492	ntcount_oval	1	0.2
2081.068	ntcount_oval	1	0.2
2081.624	ntcount_oval	1	0.2
2082.178	ntcount_oval	1	0.2
2082.732	ntcount_oval	1	0.2
2083.31	t_count_oval	1	0.2
2083.864	t_count_oval	1	0.2
2084.418	ntcount_oval	1	0.2
2084.994	ntcount_oval	1	0.2
2086.146	t_count_oval	1	0.2
2087.81	ntcount_oval	1	0.2
2088.386	ntcount_oval	1	0.2
2088.94	ntcount_oval	1	0.2
2089.516	ntcount_oval	1	0.2
2090.092	ntcount_oval	1	0.2
2091.756	ntcount_oval	1	0.2
2092.312	t_count_oval	1	0.2
2095.106	ntcount_oval	1	0.2
2095.66	ntcount_oval	1	0.2
2096.238	t_count_oval	1	0.2
2096.792	ntcount_oval	1	0.2
2099.608	ntcount_oval	1	0.2
2100.162	ntcount_oval	1	0.2
2100.738	ntcount_oval	1	0.2
2101.314	ntcount_oval	1	0.2
2101.89	t_count_oval	1	0.2
2102.446	t_count_oval	1	0.2
2103	ntcount_oval	1	0.2
2103.554	ntcount_oval	1	0.2
2104.108	ntcount_oval	1	0.2
2104.664	ntcount_oval	1	0.2
2105.24	t_count_oval	1	0.2
2105.816	ntcount_oval	1	0.2
2106.37	ntcount_oval	1	0.2
2106.946	ntcount_oval	1	0.2
2108.632	ntcount_oval	1	0.2
2109.186	ntcount_oval	1	0.2
2109.74	ntcount_oval	1	0.2
2110.316	ntcount_oval	1	0.2
2110.872	ntcount_oval	1	0.2
2111.448	ntcount_oval	1	0.2
2113.666	t_count_oval	1	0.2
2114.222	t_count_oval	1	0.2
2114.776	ntcount_oval	1	0.2
2115.906	ntcount_oval	1	0.2
2116.46	ntcount_oval	1	0.2
2117.016	ntcount_oval	1	0.2
2117.592	t_count_oval	1	0.2
2118.168	ntcount_oval	1	0.2
2118.722	ntcount_oval	1	0.2
2119.832	ntcount_oval	1	0.2
2120.386	ntcount_oval	1	0.2
2120.962	ntcount_oval	1	0.2
2121.516	ntcount_oval	1	0.2
2122.092	ntcount_oval	1	0.2
2124.334	t_count_oval	1	0.2
2124.908	ntcount_oval	1	0.2
2125.464	ntcount_oval	1	0.2
2126.04	ntcount_oval	1	0.2
2126.594	ntcount_oval	1	0.2
2127.148	ntcount_oval	1	0.2
2127.704	ntcount_oval	1	0.2
2128.834	ntcount_oval	1	0.2
2129.388	ntcount_oval	1	0.2
2129.964	ntcount_oval	1	0.2
2130.52	ntcount_oval	1	0.2
2131.074	ntcount_oval	1	0.2
2131.628	ntcount_oval	1	0.2
2132.184	ntcount_oval	1	0.2
2132.738	ntcount_oval	1	0.2
2133.314	ntcount_oval	1	0.2
2133.89	ntcount_oval	1	0.2
2134.466	ntcount_oval	1	0.2
2135.022	t_count_oval	1	0.2
2135.596	ntcount_oval	1	0.2
2136.152	ntcount_oval	1	0.2
2138.412	ntcount_oval	1	0.2
2140.12	ntcount_oval	1	0.2
2142.36	ntcount_oval	1	0.2
2142.914	ntcount_oval	1	0.2
2144.024	ntcount_oval	1	0.2
2144.578	ntcount_oval	1	0.2
2145.154	ntcount_oval	1	0.2
2147.948	ntcount_oval	1	0.2
2148.504	ntcount_oval	1	0.2
2150.21	ntcount_oval	1	0.2
2150.786	t_count_oval	1	0.2
2151.916	ntcount_oval	1	0.2
2154.156	ntcount_oval	1	0.2
2154.712	ntcount_oval	1	0.2
2156.376	ntcount_oval	1	0.2
2156.93	ntcount_oval	1	0.2
2158.06	ntcount_oval	1	0.2
2158.636	ntcount_oval	1	0.2
2159.192	ntcount_oval	1	0.2
2161.41	ntcount_oval	1	0.2
2161.964	ntcount_oval	1	0.2
2167.07	t_count_campus	1	0.2
2167.624	ntcount_campus	1	0.2
2168.18	ntcount_campus	1	0.2
2168.734	ntcount_campus	1	0.2
2170.996	t_count_campus	1	0.2
2174.366	ntcount_campus	1	0.2
2174.92	ntcount_campus	1	0.2
2175.476	ntcount_campus	1	0.2
2176.03	ntcount_campus	1	0.2
2176.584	ntcount_campus	1	0.2
2182.772	ntcount_campus	1	0.2
2183.326	ntcount_campus	1	0.2
2186.356	ntcount_campus	1	0.2
2186.932	t_count_campus	1	0.2
2187.486	ntcount_campus	1	0.2
2188.062	ntcount_campus	1	0.2
2188.616	ntcount_campus	1	0.2
2192.564	ntcount_campus	1	0.2
2193.14	ntcount_campus	1	0.2
2193.716	ntcount_campus	1	0.2
2195.934	ntcount_campus	1	0.2
2197.064	ntcount_campus	1	0.2
2198.772	ntcount_campus	1	0.2
2199.348	ntcount_campus	1	0.2
2199.904	t_count_campus	1	0.2
2201.588	ntcount_campus	1	0.2
2202.164	t_count_campus	1	0.2
2207.178	t_count_campus	1	0.2
2207.732	ntcount_campus	1	0.2
2209.438	ntcount_campus	1	0.2
2209.992	ntcount_campus	1	0.2
2210.57	t_count_campus	1	0.2
2211.124	ntcount_campus	1	0.2
2212.788	ntcount_campus	1	0.2
2218.442	t_count_campus	1	0.2
2219.55	ntcount_campus	1	0.2
2220.66	t_count_campus	1	0.2
2221.214	ntcount_campus	1	0.2
2221.768	ntcount_campus	1	0.2
2223.434	t_count_campus	1	0.2
2223.988	t_count_campus	1	0.2
2224.542	ntcount_campus	1	0.2
2225.096	ntcount_campus	1	0.2
2226.228	ntcount_campus	1	0.2
2226.784	t_count_campus	1	0.2
2229.576	ntcount_campus	1	0.2
2230.708	ntcount_campus	1	0.2
2231.262	ntcount_campus	1	0.2
2231.816	ntcount_campus	1	0.2
2238.58	ntcount_campus	1	0.2
2239.134	ntcount_campus	1	0.2
2239.688	ntcount_campus	1	0.2
2240.244	ntcount_campus	1	0.2
2240.8	t_count_campus	1	0.2
2241.95	ntcount_campus	1	0.2
2242.526	ntcount_campus	1	0.2
2244.744	ntcount_campus	1	0.2
2245.876	ntcount_campus	1	0.2
2247.072	t_count_campus	1	0.2
2247.626	t_count_campus	1	0.2
2249.864	ntcount_campus	1	0.2
2250.42	t_count_campus	1	0.2
2260.148	ntcount_campus	1	0.2
2261.832	ntcount_campus	1	0.2
2265.736	ntcount_campus	1	0.2
2266.868	ntcount_campus	1	0.2
2268.554	t_count_campus	1	0.2
2269.108	ntcount_campus	1	0.2
2270.216	ntcount_campus	1	0.2
2271.88	ntcount_campus	1	0.2
2274.12	ntcount_campus	1	0.2
2275.23	ntcount_campus	1	0.2
2277.448	ntcount_campus	1	0.2
2278.58	ntcount_campus	1	0.2
2279.71	ntcount_campus	1	0.2
2281.374	ntcount_campus	1	0.2
2281.928	ntcount_campus	1	0.2
2283.06	ntcount_campus	1	0.2
2283.614	ntcount_campus	1	0.2
2284.19	ntcount_campus	1	0.2
2285.32	ntcount_campus	1	0.2
2285.896	ntcount_campus	1	0.2
2287.604	ntcount_campus	1	0.2
2288.158	ntcount_campus	1	0.2
2288.712	ntcount_campus	1	0.2
2289.268	ntcount_campus	1	0.2
2290.932	ntcount_campus	1	0.2
2293.192	ntcount_campus	1	0.2
2293.748	ntcount_campus	1	0.2
2298.782	ntcount_campus	1	0.2
2301	ntcount_campus	1	0.2
2301.556	ntcount_campus	1	0.2
2302.11	ntcount_campus	1	0.2
2304.884	ntcount_campus	1	0.2
2307.102	ntcount_campus	1	0.2
2307.656	ntcount_campus	1	0.2
2308.212	ntcount_campus	1	0.2
2308.768	t_count_campus	1	0.2
2310.472	ntcount_campus	1	0.2
2312.158	ntcount_campus	1	0.2
2313.844	ntcount_campus	1	0.2
2314.398	ntcount_campus	1	0.2
2314.952	ntcount_campus	1	0.2
2315.508	ntcount_campus	1	0.2
2317.172	ntcount_campus	1	0.2
2320.564	t_count_campus	1	0.2
2323.936	t_count_campus	1	0.2
2328.456	ntcount_campus	1	0.2
2329.032	ntcount_campus	1	0.2
2331.294	ntcount_campus	1	0.2
2332.958	ntcount_campus	1	0.2
2335.198	ntcount_campus	1	0.2
2336.35	ntcount_campus	1	0.2
2338.592	t_count_campus	1	0.2
2339.144	ntcount_campus	1	0.2
2345.952	t_count_campus	1	0.2
2346.528	t_count_campus	1	0.2
2347.658	t_count_campus	1	0.2
2348.232	ntcount_campus	1	0.2
2349.896	ntcount_campus	1	0.2
2350.452	t_count_campus	1	0.2
2351.582	ntcount_campus	1	0.2
2352.136	ntcount_campus	1	0.2
2352.712	ntcount_campus	1	0.2
2353.822	ntcount_campus	1	0.2
2354.376	ntcount_campus	1	0.2
2354.952	ntcount_campus	1	0.2
2355.508	ntcount_campus	1	0.2
2356.064	t_count_campus	1	0.2
2356.638	ntcount_campus	1	0.2
2357.192	ntcount_campus	1	0.2
2357.748	ntcount_campus	1	0.2
2358.856	ntcount_campus	1	0.2
2359.432	ntcount_campus	1	0.2
2359.988	ntcount_campus	1	0.2
2360.564	ntcount_campus	1	0.2
2363.358	ntcount_campus	1	0.2
2364.51	ntcount_campus	1	0.2
2365.064	ntcount_campus	1	0.2
2365.64	ntcount_campus	1	0.2
2366.772	ntcount_campus	1	0.2
2369.012	ntcount_campus	1	0.2
2369.568	t_count_campus	1	0.2
2370.122	t_count_campus	1	0.2
2370.676	t_count_campus	1	0.2
2371.23	ntcount_campus	1	0.2
2371.784	ntcount_campus	1	0.2
2373.492	ntcount_campus	1	0.2
2374.046	ntcount_campus	1	0.2
2374.6	ntcount_campus	1	0.2
2376.286	ntcount_campus	1	0.2
2376.84	ntcount_campus	1	0.2
2377.396	ntcount_campus	1	0.2
2377.95	ntcount_campus	1	0.2
2378.504	ntcount_campus	1	0.2
2379.614	ntcount_campus	1	0.2
2383.56	ntcount_campus	1	0.2
2384.136	ntcount_campus	1	0.2
2384.712	ntcount_campus	1	0.2
2385.268	t_count_campus	1	0.2
2387.488	t_count_campus	1	0.2
2388.062	ntcount_campus	1	0.2
2388.616	ntcount_campus	1	0.2
2389.172	ntcount_campus	1	0.2
2389.726	ntcount_campus	1	0.2
2390.28	ntcount_campus	1	0.2
2390.836	ntcount_campus	1	0.2
2391.412	ntcount_campus	1	0.2
2391.988	t_count_campus	1	0.2
2392.542	ntcount_campus	1	0.2
2393.096	ntcount_campus	1	0.2
2393.652	ntcount_campus	1	0.2
2394.208	t_count_campus	1	0.2
2394.762	t_count_campus	1	0.2
2395.336	ntcount_campus	1	0.2
2395.912	ntcount_campus	1	0.2
2396.468	t_count_campus	1	0.2
2397.044	ntcount_campus	1	0.2
2397.598	ntcount_campus	1	0.2
2398.154	t_count_campus	1	0.2
2398.708	ntcount_campus	1	0.2
2399.264	t_count_campus	1	0.2
2399.84	t_count_campus	1	0.2
2400.392	ntcount_campus	1	0.2
2400.948	ntcount_campus	1	0.2
2401.502	ntcount_campus	1	0.2
2402.056	ntcount_campus	1	0.2
2403.72	ntcount_campus	1	0.2
2404.276	ntcount_campus	1	0.2
2404.852	ntcount_campus	1	0.2
2411.592	ntcount_campus	1	0.2
2412.168	ntcount_campus	1	0.2
2413.3	ntcount_campus	1	0.2
2415.518	ntcount_campus	1	0.2
2416.67	ntcount_campus	1	0.2
2417.8	ntcount_campus	1	0.2
2418.356	ntcount_campus	1	0.2
2418.912	t_count_campus	1	0.2
2420.02	ntcount_campus	1	0.2
2420.576	t_count_campus	1	0.2
2421.128	ntcount_campus	1	0.2
2421.684	ntcount_campus	1	0.2
2422.238	ntcount_campus	1	0.2
2424.478	ntcount_campus	1	0.2
2425.032	ntcount_campus	1	0.2
2427.272	ntcount_campus	1	0.2
2435.848	ntcount_campus	1	0.2
2438.11	ntcount_campus	1	0.2
2438.666	t_count_campus	1	0.2
2439.22	ntcount_campus	1	0.2
2440.926	ntcount_campus	1	0.2
2444.896	t_count_campus	1	0.2
2446.024	ntcount_campus	1	0.2
2446.6	ntcount_campus	1	0.2
2447.71	ntcount_campus	1	0.2
2448.286	ntcount_campus	1	0.2
2449.416	ntcount_campus	1	0.2
2449.994	t_count_campus	1	0.2
2450.548	ntcount_campus	1	0.2
2451.656	ntcount_campus	1	0.2
2454.472	ntcount_campus	1	0.2
2456.714	t_count_campus	1	0.2
2457.29	t_count_campus	1	0.2
2461.748	ntcount_campus	1	0.2
2463.988	ntcount_campus	1	0.2
2466.228	ntcount_campus	1	0.2
2466.782	ntcount_campus	1	0.2
2467.336	ntcount_campus	1	0.2
2467.892	t_count_campus	1	0.2
2468.448	t_count_campus	1	0.2
2470.11	ntcount_campus	1	0.2
2472.328	ntcount_campus	1	0.2
2472.884	ntcount_campus	1	0.2
2473.46	ntcount_campus	1	0.2
2474.59	ntcount_campus	1	0.2
2477.384	ntcount_campus	1	0.2
2480.2	ntcount_campus	1	0.2
2481.332	ntcount_campus	1	0.2
2481.886	ntcount_campus	1	0.2
2483.55	ntcount_campus	1	0.2
2484.106	t_count_campus	1	0.2
2486.92	ntcount_campus	1	0.2
2490.248	ntcount_campus	1	0.2
2494.152	ntcount_campus	1	0.2
2494.708	t_count_campus	1	0.2
2495.816	ntcount_campus	1	0.2
2496.372	t_count_campus	1	0.2
2497.504	t_count_campus	1	0.2
2498.056	ntcount_campus	1	0.2
2498.612	ntcount_campus	1	0.2
2499.742	ntcount_campus	1	0.2
2500.298	t_count_campus	1	0.2
2500.872	ntcount_campus	1	0.2
2501.428	ntcount_campus	1	0.2
2501.982	ntcount_campus	1	0.2
2504.222	ntcount_campus	1	0.2
2505.908	ntcount_campus	1	0.2
2506.462	ntcount_campus	1	0.2
2507.038	ntcount_campus	1	0.2
2507.592	ntcount_campus	1	0.2
2508.148	ntcount_campus	1	0.2
2508.702	ntcount_campus	1	0.2
2509.258	t_count_campus	1	0.2
2510.942	ntcount_campus	1	0.2
2511.496	ntcount_campus	1	0.2
2512.072	ntcount_campus	1	0.2
2512.628	ntcount_campus	1	0.2
2513.204	ntcount_campus	1	0.2
2514.868	ntcount_campus	1	0.2
2523.508	t_count_campus	1	0.2
2525.172	ntcount_campus	1	0.2
2527.412	ntcount_campus	1	0.2
2527.966	ntcount_campus	1	0.2
2528.52	ntcount_campus	1	0.2
2529.076	ntcount_campus	1	0.2
2529.652	ntcount_campus	1	0.2
2530.206	ntcount_campus	1	0.2
2530.782	ntcount_campus	1	0.2
2531.912	ntcount_campus	1	0.2
2533.044	ntcount_campus	1	0.2
2534.73	t_count_campus	1	0.2
2535.284	ntcount_campus	1	0.2
2535.838	ntcount_campus	1	0.2
2536.392	ntcount_campus	1	0.2
2536.948	ntcount_campus	1	0.2
2538.654	ntcount_campus	1	0.2
2541.428	t_count_campus	1	0.2
2542.536	ntcount_campus	1	0.2
2543.112	ntcount_campus	1	0.2
2543.668	ntcount_campus	1	0.2
2544.222	ntcount_campus	1	0.2
2544.798	ntcount_campus	1	0.2
2545.376	t_count_campus	1	0.2
2545.95	ntcount_campus	1	0.2
2546.504	ntcount_campus	1	0.2
2547.06	ntcount_campus	1	0.2
2547.616	t_count_campus	1	0.2
2548.17	t_count_campus	1	0.2
2548.724	ntcount_campus	1	0.2
2549.832	ntcount_campus	1	0.2
2550.388	ntcount_campus	1	0.2
2550.942	ntcount_campus	1	0.2
2552.628	ntcount_campus	1	0.2
2556.552	ntcount_campus	1	0.2
2557.108	t_count_campus	1	0.2
2557.664	t_count_campus	1	0.2
2562.718	ntcount_campus	1	0.2
2563.828	ntcount_campus	1	0.2
2564.936	ntcount_campus	1	0.2
2565.492	ntcount_campus	1	0.2
2566.048	t_count_campus	1	0.2
2566.622	ntcount_campus	1	0.2
2567.176	ntcount_campus	1	0.2
2567.752	ntcount_campus	1	0.2
2568.308	ntcount_campus	1	0.2
2568.862	ntcount_campus	1	0.2
2569.418	t_count_campus	1	0.2
2569.992	ntcount_campus	1	0.2
2570.548	ntcount_campus	1	0.2
2571.102	ntcount_campus	1	0.2
2572.766	ntcount_campus	1	0.2
2573.876	ntcount_campus	1	0.2
2574.43	ntcount_campus	1	0.2
2575.006	ntcount_campus	1	0.2
2575.582	ntcount_campus	1	0.2
2576.136	ntcount_campus	1	0.2
2577.268	ntcount_campus	1	0.2
2577.822	ntcount_campus	1	0.2
2578.398	ntcount_campus	1	0.2
2578.952	ntcount_campus	1	0.2
2579.508	ntcount_campus	1	0.2
2580.064	t_count_campus	1	0.2
2580.616	ntcount_campus	1	0.2
2581.172	t_count_campus	1	0.2
2581.748	ntcount_campus	1	0.2
2582.324	ntcount_campus	1	0.2
2585.204	ntcount_campus	1	0.2
2586.91	ntcount_campus	1	0.2
2587.466	t_count_campus	1	0.2
2588.02	t_count_campus	1	0.2
2588.574	ntcount_campus	1	0.2
2589.128	ntcount_campus	1	0.2
2589.684	ntcount_campus	1	0.2
2590.792	ntcount_campus	1	0.2
2591.348	ntcount_campus	1	0.2
2591.904	t_count_campus	1	0.2
2592.456	ntcount_campus	1	0.2
2593.032	ntcount_campus	1	0.2
2593.588	ntcount_campus	1	0.2
2594.144	t_count_campus	1	0.2
2594.718	ntcount_campus	1	0.2
2595.274	t_count_campus	1	0.2
2595.828	ntcount_campus	1	0.2
2597.514	t_count_campus	1	0.2
2598.622	ntcount_campus	1	0.2
2599.754	t_count_campus	1	0.2
2600.308	ntcount_campus	1	0.2
2601.716	ntcount_campus	1	0.2
2602.27	ntcount_campus	1	0.2
2602.826	t_count_campus	1	0.2
2603.38	ntcount_campus	1	0.2
2605.044	ntcount_campus	1	0.2
